"from_id","from_lon","from_lat","Intercept","n_transfers","walk_share","daily_departures","dist_to_stop_m","origin_dist_centre_km","dest_dist_centre_km","origin_working_age_pop","nearest_stop_is_rail","car_directness"
189,17.0643953996346,52.3795598966312,2.92239190155999,0.113483852750417,-0.0158649891642426,-0.216928641705948,0.000739055129566568,-0.0581694808567539,-0.0360182039003334,-0.000333055104368409,0.146488527821571,-0.152265588460637
226,17.0936926056301,52.3818350544345,3.29092527851981,0.0598090542808105,-0.0575494374894276,-0.237985203223595,0.000709885975040306,-0.0609465670872371,-0.0562415921108226,-0.000319923457889969,-0.0755854785528268,-0.274647351434623
227,17.096630234428,52.3818824100727,3.32260366021035,0.0561527779038151,-0.0601808253628349,-0.238925769712345,0.000705874260658476,-0.0608728452510294,-0.0574834701860496,-0.000315998271714427,-0.0846176442395681,-0.290679897422933
242,17.0613004642916,52.3831069096945,3.09384403328761,0.11031729576424,0.0163772702443907,-0.211192446745905,0.000723047203677614,-0.0636060398580067,-0.0674509630467099,-0.000328492108657381,0.200163556513731,-0.168516261567675
243,17.0642381215049,52.3831550711667,3.13756483995985,0.104144839803823,0.00589381591612437,-0.213055698003963,0.000722095293439876,-0.0638296363453748,-0.0691604443795484,-0.000328014450575807,0.158805643496236,-0.185137896496371
247,17.0759888357251,52.3833469872822,3.24336569493857,0.0818575301000433,-0.0197016638337004,-0.223301833689831,0.000715487893787295,-0.0638688434865786,-0.0708749810555531,-0.000328117149760707,0.0309409170840546,-0.222743013110517
248,17.0789265354557,52.3833947840226,3.25264472766389,0.0770806507870319,-0.0238814222208532,-0.226669578128778,0.000714027910183893,-0.0637064451925582,-0.0697044479745657,-0.000329076246333534,0.00777589283426905,-0.225241832555525
249,17.081864242381,52.3834425073911,3.26542888437007,0.0726632165808176,-0.0280605553582802,-0.229614521925669,0.000712276408221489,-0.0635365875604688,-0.068767028863391,-0.00032901222462952,-0.0113455261182218,-0.2305659948222
269,17.061221693185,52.3849044930342,3.22108805599146,0.105889882525148,0.0244079191562889,-0.208991183035067,0.000714219429978388,-0.066768717470457,-0.0854176715939836,-0.000325836647247883,0.206636491787091,-0.193693872863491
271,17.0670972556082,52.3850007492606,3.25039101963694,0.0933673495484406,0.010520722492231,-0.216199184704926,0.000713117458434769,-0.0667278728038072,-0.0844159565491083,-0.000331842799411251,0.120506638855575,-0.196517424068247
275,17.0788484797,52.3851923856758,3.33641935389335,0.0738434870482401,-0.0108119372869453,-0.225596163563317,0.000705054020718167,-0.0660435008762175,-0.0840530327768718,-0.000328175750423251,0.0201036780744719,-0.234390430893086
276,17.0817863066091,52.3852401123269,3.33659886452085,0.0696233950914706,-0.0147156069195944,-0.229220304218117,0.000703890612147651,-0.0657432475991424,-0.0819607275926728,-0.000329653750405438,0.00018372409137779,-0.233856542372564
277,17.0847241415218,52.3852877660773,3.34969865880498,0.0656885641249172,-0.0186434750630724,-0.231731939604849,0.000701864469029236,-0.065497005210303,-0.0810033075030674,-0.000328725417141448,-0.0155164586072027,-0.240936556575434
280,17.0935376946458,52.3854302895194,3.42567170091036,0.0547372165868172,-0.0279144015664201,-0.235746582443561,0.000692016759658902,-0.0649569842535245,-0.0820070181775705,-0.000318969736817144,-0.0495405842398791,-0.282606538343316
281,17.0964755627199,52.385477651107,3.44691487301816,0.0513511887734825,-0.0311234893675589,-0.237268389717315,0.000688725247828217,-0.0648175569551857,-0.082005387506868,-0.000316662314360887,-0.0589633491014174,-0.293996811461852
298,17.0640808111631,52.3867502433121,3.34015748231161,0.0949654615965052,0.0271722507098957,-0.212234398907722,0.00070540350074811,-0.0697827701635356,-0.101282378836299,-0.00033056598774827,0.163505892819919,-0.206842807655903
300,17.0699566289154,52.3868463597075,3.36303828568441,0.0841928764206195,0.0151308512547246,-0.218540488775936,0.000703136788625165,-0.0692516115833719,-0.099281593472508,-0.000332849666142263,0.0971332156840528,-0.213987977125612
303,17.0787704158605,52.3869899869034,3.40291661912011,0.0707054171580737,0.00128750010972567,-0.226231782296992,0.000697398385328514,-0.0683071329851783,-0.096620729698067,-0.000330875730801795,0.0295651832828545,-0.234259492370484
313,17.1081502423601,52.3874640000387,3.55217900078628,0.0372452028803885,-0.0424809787231197,-0.245570930172399,0.000668975097617791,-0.0666167627860146,-0.0890956907499785,-0.000320706164236247,-0.0750824940731141,-0.315432813129178
317,17.1199024002987,52.3876515614655,3.72053566407988,0.0255313175364762,-0.0505569738356826,-0.243397404308745,0.000643060872179697,-0.0668730999837761,-0.0991060204964427,-0.000300718191401685,-0.088798814326168,-0.400573416126122
318,17.1228404604196,52.3876982695936,3.75728210040597,0.0229453356421274,-0.0543994573360465,-0.243308018097814,0.000637000168792132,-0.0669535971647548,-0.1008477685738,-0.000297445122079382,-0.0915015409821844,-0.419153921296356
326,17.0640021430529,52.388547828277,3.41117701473911,0.090124899268389,0.0378157719396199,-0.214537156287538,0.000698262123401246,-0.072553986928714,-0.114946194374376,-0.000337983715415213,0.158359657384936,-0.200334727737527
327,17.0669401673641,52.388595926138,3.43271040494687,0.0852682554497193,0.0311459162336121,-0.216582388593359,0.000696658835635085,-0.0722266476914308,-0.114563628201534,-0.000336414050351959,0.130115442477408,-0.211665519358121
328,17.0698781989892,52.3886439510983,3.43338619268695,0.0803575937111169,0.0258074534071113,-0.220054408452718,0.000695694439350941,-0.0717488878859323,-0.112464631894795,-0.000337761840380563,0.100852860716393,-0.211911845880309
329,17.0728162392425,52.3886919027577,3.44349971536872,0.0758988318984812,0.0207770505200529,-0.222667510936088,0.000694050191678723,-0.0713269556958069,-0.111144318088371,-0.000337122455369036,0.0771830755355465,-0.218069711807175
330,17.0757542877884,52.388739781735,3.43945869782192,0.0716205602575926,0.0163386541017303,-0.226232072790587,0.000692985610793478,-0.0708188097165836,-0.108591420672614,-0.00033847615259458,0.0541634028783839,-0.216945941427184
341,17.1080733625654,52.3892616310969,3.5965138444858,0.0355598816935316,-0.0337214267104002,-0.246460091660069,0.000662241209046857,-0.0684509770303148,-0.0986837106102882,-0.000325370895416524,-0.0633350297916238,-0.309684514722676
345,17.1198259975854,52.3894492047421,3.76328787787008,0.0240947504455864,-0.0407547014160059,-0.244084880442706,0.000636493125838612,-0.0686592374571005,-0.108093233902942,-0.000304855151232235,-0.0765047394031964,-0.395931547394412
346,17.1227641766271,52.3894959154755,3.80648112560607,0.0215450176598875,-0.0433760212633842,-0.243469667487432,0.000629918026569108,-0.0687114107828473,-0.110390842999195,-0.000299999124672642,-0.0790999680840763,-0.418926145413366
353,17.0609853325303,52.3902972388184,3.47866820773424,0.0905972838031985,0.0535958015402116,-0.213852832781626,0.000691698230960207,-0.0757662538000119,-0.130529535795896,-0.000344919645993355,0.186637808216352,-0.192335782591158
357,17.0727379209468,52.3904894965791,3.51032917495775,0.0726357830046318,0.0302555395285822,-0.224270892431797,0.000686810967861363,-0.0736343515109299,-0.123708324413425,-0.000341897602392956,0.0832060523828044,-0.216738886661005
362,17.0874288414964,52.3907281759761,3.57571949959265,0.0546010936029653,0.0118862321596964,-0.233522766811856,0.000675195553798039,-0.0715173003457679,-0.118147263013235,-0.000330480613650791,0.00696743599541527,-0.264797506082687
363,17.0903670509177,52.390775693055,3.5907232473819,0.0513302271709222,0.00871740570343604,-0.23511970317098,0.000672373682026668,-0.0712055078512321,-0.117325913022285,-0.000328194620387946,-0.0041315169168481,-0.274878743099066
373,17.1197495868062,52.3912468476369,3.80699133483142,0.0227893372313197,-0.0315163088624786,-0.244893589175263,0.000630111345392294,-0.0703855721609985,-0.117015572441652,-0.000308803260786347,-0.0646470480057637,-0.392724001293232
374,17.1226878849762,52.3912935613013,3.82672179414726,0.0204712655164201,-0.0376085363619154,-0.245848434334093,0.000625370525367208,-0.0704139511433519,-0.116722341013038,-0.000308551726221053,-0.0675792175547034,-0.402751927315762
380,17.160953770345,52.3921117839725,4.16733637485015,-0.00396698832269671,-0.118637161883299,-0.251286210301984,0.000555783729238174,-0.0714248412459391,-0.120102415154506,-0.000299937972586935,-0.0811698185520626,-0.583757075114818
390,17.0638447831222,52.3921429966768,3.56979346575031,0.0819024225274276,0.0543300315532065,-0.218143179656224,0.000683217922835655,-0.0778447734953094,-0.143141799518302,-0.000349803559912425,0.157625847818207,-0.201218319874329
391,17.0667830452509,52.3921911005717,3.57655901072417,0.0776740980645734,0.048572481787204,-0.220502129501572,0.000682035500312435,-0.0772024993045033,-0.141149329780163,-0.000348233877144367,0.133445564360047,-0.208458060708381
393,17.0726595941084,52.3922870897195,3.57514945344951,0.0695945743450856,0.0385678054708194,-0.226131689886991,0.000679836525152896,-0.0758484051115058,-0.135920426262764,-0.000347034176927802,0.0890336218685324,-0.215404624755024
394,17.0755978811605,52.3923349745583,3.57922102263592,0.0658912571557728,0.034224588452048,-0.228490733444325,0.000678253615191637,-0.0752534563930105,-0.133798613680934,-0.00034558443301274,0.0707552040356276,-0.221441516826303
398,17.0873511113203,52.3925257845699,3.64411776623479,0.0524203555012797,0.0213052270856053,-0.233992834784569,0.000667706255885352,-0.0735632595363951,-0.130254816624742,-0.000332640685152437,0.0181289707775338,-0.269689139154252
417,17.1608117387563,52.3936918826537,4.18242091215541,-0.00372149002443756,-0.109100457175174,-0.252433102558371,0.000552371192166973,-0.0723995780799829,-0.124651485370947,-0.000302547398551272,-0.0729371021405001,-0.577284146645979
425,17.0576829444577,52.3931698060176,3.59793685199384,0.0880779027694629,0.0721153863090365,-0.215432102062021,0.000680766364986922,-0.0808678484329803,-0.155560536237836,-0.000359158062099449,0.208057094553305,-0.181397120426368
426,17.0615428369694,52.3937445618869,3.63680530494366,0.0816118138655746,0.0649453695916122,-0.21827222752507,0.000677268412388181,-0.0806702151154948,-0.15740803055791,-0.000356782413370137,0.176202744036799,-0.196768163864363
427,17.0637660899598,52.3939405798232,3.64062718221521,0.0781611389644787,0.0610077212335796,-0.220602851745884,0.000676209685822562,-0.0802387498800812,-0.156219619845121,-0.0003565705351221,0.157337678230117,-0.199511987157848
429,17.06974786552,52.3939769504912,3.64439987234016,0.0704546157910357,0.0502604416702752,-0.225134159505021,0.000674056444481833,-0.0786684663008135,-0.150781168394829,-0.000352350392896356,0.114292732193151,-0.213490710112296
430,17.0724823010304,52.3939504224829,3.6361126774492,0.0671104603489106,0.0455689937576267,-0.227748471841402,0.000673500579964501,-0.0778624987511627,-0.147272089724179,-0.000351620462704975,0.0953241043744715,-0.21542871391955
431,17.0755145887205,52.3937454096112,3.63016672207038,0.0638717120093943,0.0402197091086691,-0.229753669535331,0.00067288479738168,-0.0769014563608632,-0.143196010180301,-0.000349043652530669,0.0766830385154744,-0.222078155914119
453,17.1577983415749,52.3954437949353,4.17076110708956,-0.00195989511491312,-0.0930989782515326,-0.253887836824411,0.000553788167868788,-0.0734419234336574,-0.12943818418254,-0.000307131706224172,-0.0633828992615619,-0.553233858041153
454,17.1607369817689,52.3954895659066,4.19005872285379,-0.00334471326621255,-0.100131937275791,-0.254454686456647,0.000549314553542804,-0.0734643609395746,-0.128832911856378,-0.000307377639079058,-0.0639435456735118,-0.564763424323132
455,17.1636756301387,52.3955352634586,4.21542758271073,-0.00472603968490759,-0.106449683707439,-0.254646766263917,0.000544458795129363,-0.0734863102014396,-0.128785175022315,-0.000306495439592793,-0.064435707932029,-0.57998419463047
459,17.061984947179,52.3952642950899,3.68457848619823,0.0776339977123186,0.0685438965926721,-0.221802850333908,0.000671992825548327,-0.0823551918374719,-0.166717907094746,-0.000364021730658498,0.168700518465679,-0.19086919927895
460,17.0635662599236,52.3955092195845,3.69894739331107,0.0752737814834141,0.0662561112577009,-0.222872399105803,0.00067040700835283,-0.0822313291639141,-0.167268595750981,-0.000362694918979861,0.158257362770877,-0.197336171444817
461,17.0657055168131,52.3950701902431,3.68539263669913,0.0735178386450812,0.0610633587948826,-0.223511726754339,0.000671262325544549,-0.081101286223392,-0.162322893998263,-0.000358809502062796,0.143700915320242,-0.204324440071787
462,17.0699886322023,52.3950659488169,3.67858399245824,0.0683043261043856,0.0536356501531259,-0.227048625452252,0.000670159039251252,-0.079825401515496,-0.157327403573063,-0.000356246233625616,0.114237877298555,-0.211237494058423
463,17.0711290101939,52.3949728857574,3.67925030001777,0.0671467655276743,0.0516142748859636,-0.227454043570692,0.000669833685062342,-0.0794556155081825,-0.15596900456098,-0.000354502848735491,0.107578241883749,-0.215841243092768
464,17.0769340022833,52.3950956587253,3.69232881313701,0.0604478905113659,0.0439807699795836,-0.231069573371375,0.000666325663280447,-0.078207828119135,-0.151984361252484,-0.000349254324317018,0.0761201837230825,-0.233124351601873
465,17.0781693003699,52.3957868275419,3.73140665909477,0.0582510700832088,0.0457347830247556,-0.231516930769097,0.000662206729051644,-0.0788141537134859,-0.156702167444355,-0.00034780418432822,0.0745662519359662,-0.243752174737324
466,17.0798950468751,52.3951084414634,3.71599458900266,0.057275263005991,0.0413793382923018,-0.231500578059297,0.000663275361670025,-0.0777503765498286,-0.151566898245186,-0.000343849192272691,0.0641127352733832,-0.250840072480173
467,17.0851067794707,52.3955676134051,3.73889621466344,0.0512548753070199,0.0367672836738677,-0.235074613995685,0.000658320671060864,-0.0771839194682036,-0.150289888056168,-0.000340820097151889,0.0427760350475275,-0.265005097520998
498,17.0774847054747,52.3968701407421,3.75832428748242,0.0575746422913248,0.0498272932983355,-0.232902905658356,0.000659349497272914,-0.0800332584996344,-0.163134409718875,-0.000352443889461866,0.0808024950776023,-0.238067563596019
523,17.1576485649435,52.3990391532484,4.20578600478416,-0.00111690714836143,-0.074763547914074,-0.257086888929102,0.000546754405363656,-0.0754433996662005,-0.139490650083388,-0.000313276374002872,-0.0464066252205928,-0.541249632147014
524,17.1605874438221,52.3990849299889,4.22372344462144,-0.00238806009723014,-0.0812933777619378,-0.257569918335555,0.000542436197487506,-0.0754091490483537,-0.138687859160072,-0.000313064988746559,-0.0472893563894647,-0.552992136805187
525,17.1635263307346,52.3991306337798,4.24274425085241,-0.00364049957451407,-0.0877133303947915,-0.257980270419871,0.000538113066220897,-0.0753818837022076,-0.137996104956471,-0.000312706105060213,-0.0480725739795034,-0.565336481438408
530,17.0853071151929,52.4000754039865,3.88642941061107,0.0463865929476235,0.0518948683059364,-0.239207904348071,0.000642777966233521,-0.0816771598636521,-0.176931413369431,-0.00035022743169922,0.0625443696806869,-0.270854420509977
555,17.1575736650093,52.4008368318325,4.22374912061912,-0.000561233043361753,-0.0661220307484314,-0.258701130513042,0.000543480689558826,-0.0763664044341521,-0.144463124564602,-0.000316032046046542,-0.0384959379672409,-0.536527085875946
589,17.163376999898,52.4027260013522,4.29370713170692,-0.0024648799488034,-0.0669942199611171,-0.260050010376968,0.000530684156688749,-0.0771318162461716,-0.149180999717466,-0.000314085422038493,-0.0328064550764626,-0.566737642417138
590,17.1663161327536,52.4027716377452,4.31229047537136,-0.00361393422772949,-0.0730142430340379,-0.260350751571334,0.000526512866857592,-0.0770665271346491,-0.14837082519459,-0.000313301637662494,-0.0337726802161882,-0.579636951765337
626,17.0849989200111,52.4045363749941,4.03322056885236,0.0426383507819921,0.0654966439988129,-0.242754573759591,0.000628522539356198,-0.085854245840995,-0.203423544838497,-0.000358396848052965,0.0816754456158186,-0.280667264653289
660,17.0926075451054,52.4070016460825,4.11692241139599,0.0346519546472059,0.0654135719443332,-0.247571939639645,0.000615232022130062,-0.0863629979295997,-0.210010460518038,-0.000354597040744628,0.0682965753949176,-0.310332634727274
661,17.0955468437027,52.4070490444878,4.12960375784837,0.0324015868759311,0.0645006077681671,-0.248091576805479,0.000611786011446687,-0.0859483179469507,-0.208481844065293,-0.000350642872704254,0.0620233732883158,-0.323227960722761
662,17.0984861510161,52.4070963699406,4.138943425148,0.0302643282069184,0.0628767844284255,-0.248837739991195,0.000608383146758207,-0.0855080273686504,-0.206545591023733,-0.000347376798615247,0.0558735942980775,-0.334583744038127
663,17.1014254660449,52.4071436220575,4.1434657881166,0.0282661152581341,0.060024070658983,-0.249897018556837,0.000605183683382735,-0.0850303870969622,-0.204014277422491,-0.000345100456435661,0.0497130694480639,-0.343687179697099
691,17.0927186452912,52.4086317061006,4.1680137327794,0.0337027283951059,0.0707502907098387,-0.24865744059878,0.00061002645365895,-0.0875950658861484,-0.218972630307572,-0.000356205486839095,0.0744051420141609,-0.316736394580744
693,17.0984088240121,52.4088939849192,4.17918992731791,0.0298012548492537,0.0666786504699246,-0.250754750371399,0.000603929638598247,-0.0866697908220893,-0.214510395293892,-0.000351113454171659,0.0621931620626732,-0.33544632180201
695,17.1042877014987,52.4089884224811,4.17570776479101,0.0263621362970738,0.0584207201330287,-0.253450232077093,0.000598227015158048,-0.0855506114593858,-0.20767691527579,-0.000348258577674544,0.0497781392340073,-0.349379312044789
723,17.0935755590654,52.4104074144374,4.216852370673,0.0325592423094108,0.074216462657489,-0.250483596468396,0.000604351845023408,-0.0886189937985922,-0.226845631122536,-0.000357885449774914,0.0783994918542597,-0.324470496198842
724,17.0953919432812,52.4106442679584,4.21942127205944,0.031422522748354,0.0724836767767272,-0.251536562572234,0.000602384415780935,-0.0883377060354427,-0.225451821082618,-0.000356970181897495,0.0746145236635769,-0.329274173916929
725,17.098331488867,52.4106915994478,4.21112616278242,0.0297854267321718,0.0678261129982332,-0.253175690363459,0.000600221402098408,-0.0876419139979046,-0.22112438225361,-0.000355820988454811,0.0674046709327598,-0.334405755079388
755,17.09381247193,52.4116893361241,4.24167035404275,0.0323316311062314,0.0745461380285803,-0.252282875762933,0.000601436179175838,-0.0892506823180597,-0.231449576024506,-0.000360753365179378,0.0810759901497029,-0.325604001197576
757,17.0982541456348,52.4124892128204,4.24853478542923,0.030012586009331,0.0696039717835504,-0.255194317613721,0.000596140399916428,-0.0886016615143284,-0.228175834907415,-0.000359288142405309,0.0729670214236471,-0.337209127728897
765,17.1217717583387,52.4128652592799,4.23464661090395,0.0197103775499272,0.0300512436840847,-0.264741157618261,0.000571023429577301,-0.0844644897461038,-0.199419899593224,-0.000350800633323309,0.0344734727964742,-0.396036376244751
820,17.0954000799157,52.4160565202169,4.33221581365206,0.0323384660026242,0.0753380154311287,-0.257807819585597,0.000590350780497358,-0.0910296788571419,-0.246083122920766,-0.000366924921154616,0.0893941081585297,-0.340462240766328
853,17.0951370917219,52.4178536579792,4.3617334469775,0.0333671074861961,0.073610741621593,-0.260192292794621,0.000587368515676479,-0.0917531961073976,-0.25180594208696,-0.000371073161754346,0.0937087964396213,-0.34235317368416
886,17.0979446913035,52.4196796620521,4.37905739681582,0.0334371288536595,0.067575264342338,-0.263896890802041,0.000582128715466257,-0.0916018529777176,-0.251980424520571,-0.000372930250403886,0.0915900721383025,-0.351719623654049
920,17.1037478555415,52.4215717533471,4.39030413398427,0.0327240938614217,0.0569247475708323,-0.26859484842527,0.000574180600941249,-0.0907712168579398,-0.247226301186817,-0.000372662694176448,0.0849044409911208,-0.370380286256022
960,17.1036707026557,52.4233693692293,4.44771200807168,0.0335698126085404,0.0629417176638469,-0.268956323187076,0.000569484349178112,-0.0917034442636737,-0.256018613260331,-0.00037072812437032,0.0917479476750316,-0.387111401595803
1012,17.1035935415771,52.4251669846883,4.50110803222447,0.0345144321332249,0.0674411286875056,-0.269590780207956,0.000565351047683592,-0.0925611988813984,-0.264110189986138,-0.000369284301334108,0.0980334620681305,-0.402716662450871
1118,17.0652060094154,52.4282525807587,4.8532562791961,0.0519651235456919,0.0911732504188763,-0.24879179627316,0.000569249607166145,-0.107730048767404,-0.368710050445045,-0.000406364289214992,0.197057216938354,-0.341597284932959
1119,17.0681506587267,52.4281907994129,4.8295593757714,0.0500183630061954,0.092847819771265,-0.250721125841782,0.000569997021323779,-0.106470912609829,-0.360867029666124,-0.000401707576285104,0.189203667503591,-0.349220105247468
1134,17.1122615124074,52.4289034226935,4.57194745458855,0.0339585192308398,0.0599300715136053,-0.274879766995905,0.000550808327945254,-0.0920755964870938,-0.263072125810965,-0.000362661645462142,0.0950478834890021,-0.454344191987616
1170,17.0180408636036,52.4292953063431,6.07304382276993,0.0702543640805757,-0.0217021690376384,-0.216487919108733,0.000566674960421228,-0.148820397175072,-0.552002672659206,-0.000491090957761453,0.180286141381043,-0.522344148552975
1172,17.0239003878463,52.4295965102463,5.7675301806953,0.07022844943004,-0.00570384093587961,-0.22532943721513,0.00056638247084077,-0.139510560892298,-0.515156788905337,-0.000482511050763967,0.191119114566824,-0.449764253759895
1186,17.0651312619569,52.4299402799335,4.8520189867138,0.0535460039968854,0.0779880515583784,-0.252814008420181,0.000571093741292147,-0.107517615482742,-0.369523099728609,-0.000410821828830468,0.193421046247053,-0.337129642918853
1241,17.0268216181467,52.4311059109627,5.6235616195479,0.0712636722563289,-0.0146014054298007,-0.23425410688716,0.000569697640319042,-0.134247365350006,-0.496015488816454,-0.000477455334150167,0.19253811951662,-0.421880760236832
1242,17.0297624061161,52.4311549606718,5.51273033394887,0.0712759798880356,-0.0072956309125658,-0.236340853087038,0.000569767993296406,-0.131111891722917,-0.482894062885983,-0.000474565732143897,0.196875822474698,-0.394154125758519
1309,17.0296822162723,52.4329524954134,5.49877304097072,0.0738075138044962,-0.0308201872956175,-0.242353793704593,0.000575550651762707,-0.129933051627816,-0.480322022875178,-0.000475575708940995,0.192400688692846,-0.39384495905108
1323,17.0708557988311,52.433631556835,4.82317479820563,0.0532842483557445,0.0606003558787052,-0.262447035431276,0.000574593994876853,-0.105329699824871,-0.360881226237078,-0.000409548419179034,0.176688670656574,-0.343493806838637
1326,17.0796789220244,52.4337752057513,4.81084524941821,0.0476742976157709,0.0787340007899502,-0.264288229521721,0.000569969562272427,-0.10302035938461,-0.347123431789776,-0.000392428466437014,0.16339991158447,-0.380675663529132
1501,17.0735615902304,52.4390722539471,4.76672956019956,0.0581459648253713,0.0174458397571584,-0.274630242312533,0.000586430716135192,-0.10365835016438,-0.355226780173008,-0.000420758259348578,0.165681354817082,-0.317513027912355
1547,17.070541648638,52.4408218645996,4.7478972902843,0.0628620588094009,-0.0104567118772252,-0.27862235653301,0.000593262785662796,-0.10391879082497,-0.358662336741208,-0.000432471203715271,0.167075068691851,-0.290880025072852
1548,17.0734831596679,52.4408698332578,4.74479371805774,0.060656703342211,-0.00115510546157793,-0.278572632420904,0.000591615362099812,-0.103303969495624,-0.35480783109046,-0.000426791250285677,0.16378965406459,-0.301762733137139
1550,17.079366206185,52.4409655506705,4.74566138385194,0.0564847169923937,0.0114055113276663,-0.279709564760665,0.000587130138385815,-0.101891786869519,-0.344700808863469,-0.000414944255306166,0.155809301181215,-0.333873719558255
1551,17.082307741915,52.4410132997889,4.74766990312401,0.0546928980613117,0.0159185911813324,-0.280516996996319,0.000584233305945848,-0.101151840670097,-0.339211704058499,-0.000409163696708875,0.151851827417453,-0.352081322811159
1588,17.0557550615412,52.4423784852144,4.79683002507636,0.0774985602445142,-0.0731447754159262,-0.28014558747515,0.000604625206595204,-0.107826251397444,-0.386999383354416,-0.000463082317245442,0.184136157421547,-0.23416999886831
1593,17.0704630902932,52.4426194402201,4.72392572492072,0.0655779225349491,-0.030332440676716,-0.282676544673254,0.000598643607170657,-0.103522316624208,-0.358501010309066,-0.000438682586391667,0.165308342065121,-0.273251656875004
1594,17.0734047205991,52.4426674118074,4.72219974838777,0.0632373048048009,-0.0215313419515439,-0.282773027091856,0.000596878375882785,-0.102905218860585,-0.354208176471106,-0.000432982485980504,0.161728423106517,-0.285818010607727
1595,17.076346359445,52.4427153100963,4.72290403510897,0.0609812353046166,-0.0128513514759163,-0.282833796974241,0.000594824628479672,-0.102294322444155,-0.349987013071864,-0.000426849941322874,0.158350877592106,-0.300060878408203
1639,17.079209798667,52.4445607194319,4.70441011623711,0.0612785750960896,-0.0260896386224658,-0.287234239419803,0.000597536362667447,-0.10129251107198,-0.344873587276171,-0.000426679858130663,0.153044915108921,-0.300963929046475
1640,17.082151573819,52.4446084748924,4.70951427766204,0.0591230239282083,-0.0202808031496033,-0.287763967284743,0.000594476174498496,-0.100628309435074,-0.339465962872573,-0.000420424060062846,0.149259130258539,-0.320705175356693
1685,17.0879572905684,52.4465013580845,4.7080964251561,0.0572914524025236,-0.0273798027693033,-0.292008424311355,0.000592674366439824,-0.0991948695886471,-0.330172400147917,-0.000413084445949854,0.141682172321879,-0.34591756737791
1742,17.126126567527,52.4489112902238,4.92598250000219,0.0383909459110612,-0.00586581309312351,-0.296501639988673,0.00053562464307691,-0.0942461408045325,-0.282346563989288,-0.000344481051441525,0.109864808441856,-0.631799330882131
1773,17.087801552205,52.4500965418809,4.67320684562105,0.0618489020247495,-0.0710525203339785,-0.300114772484061,0.000602814292704576,-0.098632339186727,-0.330576127284167,-0.000424474517057932,0.13932149572333,-0.31482882959358
1774,17.0907437100344,52.4501440869048,4.68673398692954,0.0595530287406021,-0.0661780429653049,-0.300465548180476,0.000598193037521962,-0.0981010994980345,-0.324934768712952,-0.00041803727124895,0.135813230261917,-0.339828589825174
1819,17.0965505287405,52.4520365573426,4.70464151200326,0.0572818184075743,-0.0794665348943226,-0.304951639688724,0.000593005638856919,-0.0969377239597176,-0.314968565887141,-0.00041061654589393,0.128506979116246,-0.376271815030123
1820,17.099492832237,52.4520838860245,4.72320021692917,0.0551994740628459,-0.0747451718930847,-0.304973506236365,0.000587733582318326,-0.0965433749365268,-0.310360144153419,-0.000404285086612236,0.125732101907801,-0.401882307878964
1862,17.0994154201834,52.4538814884315,4.71159518726472,0.0570312934220212,-0.0985880262925889,-0.309212536645745,0.000592123713011719,-0.0963309866148538,-0.310280231325923,-0.000409464574343793,0.124555933349981,-0.389604926249149
1870,17.1229550927935,52.4542575077603,4.89947624488832,0.0419603542610893,-0.0618597492197921,-0.306554912289364,0.000549727504813455,-0.0943015375542906,-0.283457906541623,-0.000359577717812462,0.10869999927624,-0.595383071122455
1871,17.1258975886147,52.4543041809205,4.92583718653532,0.0402782477573993,-0.0578479444498328,-0.306020825227947,0.00054478281215431,-0.094127133410197,-0.281059884867279,-0.00035347219372911,0.107251151799069,-0.620741862626573
2285,17.0954643483673,52.477202890558,4.62848425799871,0.0853309900133326,-0.6002913112996,-0.395818466818927,0.000627160022311328,-0.0931733026040398,-0.302137641462595,-0.000486298729371601,0.102419845976275,-0.241944849505217
2310,17.0924426115886,52.4789530332082,4.62440972328068,0.0890802322123392,-0.662963599743719,-0.407485268213986,0.000632307826096912,-0.0932280101428766,-0.304484667917355,-0.000496016668776147,0.100505644577773,-0.217649476198289
2472,17.1006553651452,52.4934759066321,4.94083745238504,0.0774508881692029,-0.94166685820872,-0.471693836408711,0.000593941956622435,-0.0947965365869585,-0.273437321806886,-0.000492122774252049,0.0782715422104738,-0.39554280850939
2558,16.8717836649572,52.3195656512838,4.546611042618,0.360914635759414,-1.88562397285776,-0.59919885616204,0.000960340747632113,-0.160610068875936,0.00514627919399402,-0.000887724496729303,0.0418515931550658,-0.218366410314388
2559,16.873271359543,52.3193055874702,4.56353242980981,0.361803859428264,-1.88338471645334,-0.601589613630829,0.000961463863259071,-0.161181997948812,0.00277312043117206,-0.000888794232713819,0.039410803870588,-0.223433967439291
2560,16.8754651797306,52.3195161865555,4.58684925505554,0.3657593539521,-1.88551511226427,-0.6087716632517,0.000963828533545354,-0.162193524809158,0.00398075406019416,-0.000891670571650044,0.0353435648691018,-0.238761278307834
2565,16.8711493286579,52.3207504075066,4.53605137367413,0.363940946128551,-1.89490620239532,-0.603498401153301,0.000959074324187646,-0.160317829021636,0.0136249123332313,-0.000887137126234283,0.0425254483830884,-0.229006977628046
2566,16.873220950247,52.3205062889589,4.57650373524143,0.366599545417955,-1.88676325327399,-0.606864503585717,0.000961046467849835,-0.161812478326926,0.00651346841344846,-0.000892486697857048,0.0383784693301976,-0.238472981179484
2567,16.8761309871788,52.3205744130974,4.59920578073502,0.370825868232828,-1.89035740311622,-0.615627660156885,0.000964235961388435,-0.162872315173217,0.00875476599793146,-0.0008946075233906,0.0335274874891667,-0.255192095154598
2568,16.8791170018453,52.3206329315746,4.65383284190739,0.377149731845407,-1.88453559151446,-0.623595705174395,0.000967551340109091,-0.165102925706869,0.0037092901371949,-0.000903705482084544,0.0265311782597664,-0.276762211312985
2569,16.8819921939041,52.3206822629289,4.67817050374356,0.383069971009732,-1.88916800927226,-0.633334153276043,0.000971869276457267,-0.166509576017585,0.00682112925619194,-0.000909083827456525,0.0208395277869684,-0.295803488772322
2576,16.8704212692868,52.3223114326964,4.5495086535866,0.369830588854299,-1.89784759108564,-0.608391422383691,0.000959078083601954,-0.161115507675476,0.0180526048352405,-0.00089285245403134,0.0414800332541105,-0.245860194327975
2577,16.8731347357504,52.3223036819507,4.58714497476262,0.37307898388174,-1.89316207939419,-0.614283364152504,0.000960043152533709,-0.16240164900309,0.0137687515234468,-0.000895737687573811,0.0370722017532472,-0.259486125560329
2578,16.876068023534,52.3223564765278,4.6214334560234,0.377696544565879,-1.89169193573413,-0.622216450951649,0.000962694051489653,-0.163846801134621,0.0124118374295925,-0.000899595361483679,0.0318698520156104,-0.276344012185291
2579,16.8790013198908,52.3224091985355,4.6706864338048,0.383760810527306,-1.88543357812945,-0.629950837944844,0.000965393694075972,-0.165908558766812,0.0078575602409785,-0.00090718928037728,0.0253143381263996,-0.296091256327486
2582,16.8878008413108,52.3225671756658,4.55856627582807,0.398640998284932,-1.96636814195173,-0.672625671893559,0.000991128780508083,-0.165861965973889,0.063930731155379,-0.000903335298640312,0.0159313151324127,-0.326105033583872
2583,16.8906822364241,52.3227339244401,4.58130494368424,0.406685480833445,-1.96919516117698,-0.683434921400301,0.000994118230007557,-0.167455231466384,0.06679366290986,-0.000911018884647175,0.0113365431928898,-0.344717203310438
2589,16.8684987169593,52.3243996472117,4.53738686350903,0.378621939237718,-1.90605265591741,-0.615275899941058,0.000962882413052271,-0.161898878394133,0.0319381057193588,-0.000899413660972181,0.0398984292522613,-0.266193018389117
2591,16.8730485125235,52.3241010739671,4.61582877543219,0.380816355093316,-1.89069344110602,-0.620480799217613,0.000959260069414825,-0.163763230992782,0.0157463114502754,-0.00090258690015424,0.0339447768679193,-0.281539261240368
2592,16.8759819194701,52.3241538721767,4.64382628250178,0.384450128909108,-1.89066287222828,-0.627914798937038,0.000960670138629952,-0.164802248395674,0.0152579552834702,-0.000903994807422565,0.0297804951305025,-0.296752526205182
2596,16.887715634795,52.324364336833,4.6090458366391,0.405271982189291,-1.9468828766344,-0.674288518457623,0.000984192289258091,-0.167314071903714,0.0570442888356517,-0.000909235194651969,0.0142209365630919,-0.347771295153393
2597,16.8906490863257,52.3244167707721,4.57717044624678,0.411291013157737,-1.96923656299747,-0.688089786628941,0.000991395824794933,-0.167556812398988,0.0728346913221669,-0.000910318342861122,0.0114683638686799,-0.356320833753443
2603,16.8682821984477,52.3259204533488,4.53775957917242,0.385365897296026,-1.90735259847835,-0.62138689462837,0.000963584941720552,-0.16249547490354,0.0402414671515636,-0.000901720815930568,0.0371342164596484,-0.284891415137508
2607,16.8788293396499,52.3260039956489,4.70152864162606,0.39637177454432,-1.88139919853739,-0.640152378002308,0.000959559916577757,-0.167258566627538,0.0147974753116991,-0.000911390284757257,0.0218111160428194,-0.333008778749331
2608,16.8817628824657,52.3260566517343,4.71385607704656,0.401463521699554,-1.88578269420083,-0.649497383090968,0.000962901997819801,-0.168237268003111,0.0192669065802633,-0.00091343372812383,0.0177347354706896,-0.348354594743682
2609,16.8846964352572,52.3261092349026,4.69181045792016,0.406322343938967,-1.90364108165113,-0.661655000011473,0.00096921124003442,-0.168496272012977,0.0330511063690402,-0.000913423911748562,0.0149528959091683,-0.359550902784463
2610,16.887629996039,52.3261617451032,4.61075188094424,0.410047387397924,-1.94626881858308,-0.678492236498123,0.000980958520775628,-0.167468825725827,0.0624051041857037,-0.000908651764605556,0.0141125640939777,-0.361963301477999
2611,16.8905635660146,52.3262141828759,4.57257766386738,0.415661579684439,-1.9691374444863,-0.6921819421732,0.000988261437679945,-0.167545303518185,0.0790993802176976,-0.00090888328822461,0.0116277776470639,-0.368537893356802
2621,16.878743335435,52.3278013933642,4.70673541831798,0.401880454284367,-1.87985014898863,-0.644465257879108,0.000956521776275449,-0.167506665311851,0.0198841532652345,-0.000911014806997762,0.0202433275171714,-0.349605493901322
2622,16.8816769976593,52.3278540528504,4.72431190864882,0.406982698432842,-1.88118036228908,-0.653135857731653,0.00095908410441771,-0.168601859463184,0.0224231893898637,-0.000913208458034609,0.0162695759913447,-0.364760589305092
2625,16.8904780374431,52.3280115940292,4.57715409544653,0.419954037581249,-1.96504853816162,-0.69503251995531,0.000984305943949708,-0.167666716109725,0.082847201695059,-0.000907912487335599,0.0114385663814929,-0.382225829654885
2636,16.8786573221471,52.3295987903325,4.71279723545285,0.407365474574434,-1.87553305617903,-0.648000438172162,0.000953225850240588,-0.167720234541214,0.0241265501408741,-0.000910311813859227,0.0183925969606022,-0.36616174573885
2637,16.8815911036321,52.3296514530971,4.74107382901911,0.412727856457067,-1.87146431237778,-0.655655348422911,0.000954457592463251,-0.169081530117158,0.0230952717423865,-0.000913184597449157,0.0141575281905304,-0.381512806780165
2638,16.8845248929183,52.3297040428927,4.73021636540693,0.417235700451556,-1.88412659737465,-0.666326516542217,0.000959285930071857,-0.169513288369043,0.0333181343297291,-0.0009135161007367,0.0120476024094884,-0.393105058585093
2653,16.8785713005736,52.3313961867552,4.71051204897594,0.412041342029383,-1.87427626873247,-0.651325616207366,0.000950710962059426,-0.16757513932092,0.030603106483607,-0.000908415923946859,0.0173509663918736,-0.382137229572663
2654,16.8815052000002,52.3314488525417,4.75586458841963,0.418448811871514,-1.86105358354548,-0.657888559427729,0.000949959864496905,-0.169487330370838,0.0239062349977761,-0.000912922273701822,0.0119175723552019,-0.397921604836711
2655,16.8844391083662,52.3315014461645,4.74413191231974,0.42231301781986,-1.87530026538288,-0.668308199776591,0.000954799119674138,-0.169808760769332,0.0344455494498899,-0.000912637047217224,0.0106830012239243,-0.40909811212839
2656,16.8873730260579,52.3315539666596,4.71895912604487,0.426943279180293,-1.89146826600714,-0.679918978410648,0.000960450380082273,-0.170007222651211,0.0476742649976725,-0.000912799337186521,0.00913036481593821,-0.417603330301063
2657,16.8903069520089,52.3316064142284,4.64513074047727,0.430313583301867,-1.92793213465319,-0.695121247621484,0.00097057130311072,-0.169130601639012,0.0735635982384757,-0.000909825704001749,0.00897863784514641,-0.418293068812773
2670,16.8755512600857,52.3331408399584,4.67832425826759,0.413674453619294,-1.87143468422456,-0.647685403432209,0.000947844807380971,-0.166318520182003,0.0393673866868411,-0.000905339191360321,0.0186253089387023,-0.386903377160479
2671,16.8784852699643,52.3331935823997,4.71379395437884,0.417087593372642,-1.86846607752107,-0.653844590433899,0.000947819721752605,-0.167590694740941,0.0350921827258368,-0.000907306307338179,0.0155915565926747,-0.398676133405615
2672,16.8814192873221,52.3332462519495,4.74462151360603,0.422121110434787,-1.86406719898371,-0.661139117285211,0.000948369021303297,-0.169011831973844,0.0325956753740986,-0.000909894913050893,0.0119211529113272,-0.41213645098037
2673,16.8843533149919,52.3332988488903,4.76357067584354,0.427600434408745,-1.86265663235594,-0.669487775808629,0.000949784651618157,-0.170215412377544,0.0336159895754857,-0.000912224185695129,0.00887379892399309,-0.425581241600639
2674,16.8872873513397,52.3333513725588,4.75906669267442,0.43283563016422,-1.86934000373055,-0.679471920902329,0.000953095136220175,-0.170885110373032,0.0409357888930781,-0.000913554138879516,0.0070477090127099,-0.436544898360921
2683,16.8379548577165,52.3347578062638,3.85518093412247,0.441062160241074,-1.89143893158515,-0.590554645829425,0.000973166178721438,-0.143733076662103,0.241082210836957,-0.00088588229309064,-0.0061550562703232,-0.399662315597425
2684,16.8400981293165,52.3345664367175,3.89188679375593,0.437928915351115,-1.89968335833733,-0.597235757668573,0.000974840486584277,-0.145676866700624,0.23275072959207,-0.00088445319241004,0.00328834828681579,-0.390723865269024
2697,16.8813333663032,52.3350436503065,4.75013919144726,0.426915703277572,-1.85649799656116,-0.662957395508693,0.000945090059862347,-0.169032260453214,0.0358392232920153,-0.00090878608219036,0.0103298899129314,-0.427930436197357
2699,16.8872016668945,52.3351487774195,4.78635119372575,0.438100024202427,-1.85234319854907,-0.679598357910212,0.000947076921163137,-0.171414237680061,0.03746568196458,-0.000913320234834994,0.00540101181418606,-0.453517998642951
2718,16.8665762477453,52.3365769382105,4.49662071626017,0.428297371302151,-1.86650163232105,-0.645660515955846,0.000951472327959571,-0.162470754673741,0.0923945773696246,-0.000896896115178958,0.0176051502128587,-0.409007607754688
2719,16.8695104680884,52.3366299057813,4.56628223254597,0.425849713824931,-1.86188394860351,-0.646888195196043,0.000947038041765977,-0.163668400050621,0.0747502220666796,-0.000899147282923007,0.0167217309806986,-0.411475613635616
2720,16.8724446957867,52.3366828004377,4.62948182744867,0.425447589519067,-1.85554445099452,-0.649232645849086,0.000943848420002585,-0.165094030706751,0.0597643445698637,-0.000901668007525919,0.0152647271990674,-0.416401732736972
2721,16.875378933772,52.3367356226138,4.68213575842174,0.426502572554952,-1.8507431547415,-0.65308011502816,0.000942093814759182,-0.1665143718424,0.0489594188085931,-0.000904031827479515,0.0130285534500842,-0.423839887377767
2722,16.878313179975,52.3367883717515,4.72624592188481,0.429076114578336,-1.84646689776483,-0.658282229596487,0.00094128395981706,-0.167957608991372,0.0414811192414497,-0.000906377712066017,0.0102372087595271,-0.433538260067621
2724,16.8841817009644,52.3368936514759,4.78546250025261,0.43708181385098,-1.84217467359357,-0.67184844323164,0.00094174137583003,-0.170472368259158,0.0361179333068087,-0.000910281904068513,0.00585568485038834,-0.456583207822064
2733,16.8382988888642,52.3372465997051,3.86203269990813,0.458670176976611,-1.84002763536764,-0.591650495363309,0.000963554451172091,-0.142374579019842,0.244389122189908,-0.00088559841739122,-0.0191128260400717,-0.448137662782983
2735,16.843015338261,52.3379479277082,3.96661594658735,0.454352258304297,-1.84422241806656,-0.608356582158333,0.000959875270272706,-0.14661576001639,0.224789410142378,-0.000884914274594029,-0.0140799751748872,-0.446723823298043
2738,16.85181816079,52.3381083703834,4.1530038869721,0.445146340481102,-1.85929255426028,-0.62986349297141,0.000958408201327296,-0.15353594047807,0.182702740864904,-0.000886194003646729,0.00296920753420693,-0.431937530877121
2741,16.8606210656372,52.3382681575941,4.3586068203324,0.43851543085195,-1.85864774389938,-0.642577245478876,0.000952396051848617,-0.15902252849386,0.132172401462512,-0.000891642534870465,0.01015473718072,-0.428274656353778
2743,16.8664897146183,52.3383743181251,4.48987078261075,0.436573840320051,-1.85168793591848,-0.648984709747598,0.000948180825692174,-0.16233931483629,0.100103368651187,-0.000895915122815699,0.0127686592881702,-0.431841038091875
2744,16.869424052658,52.3384272891855,4.55714888522652,0.435219128969109,-1.84720279817263,-0.651224814525758,0.000945058009778177,-0.163817865980857,0.0835465701518459,-0.000898377383608651,0.0124147641630614,-0.434535722746659
2745,16.8723584005549,52.3384801874715,4.62371811876255,0.433916863169074,-1.84199393192878,-0.653069717469123,0.000941578239399193,-0.165218718725246,0.0672163963359154,-0.000900908142811935,0.0114541639313117,-0.437919275989429
2750,16.8870302730503,52.3387435861151,4.81595633411871,0.447074305458273,-1.82693235380806,-0.680568515868939,0.000938012681268197,-0.171730690014964,0.0368315557040617,-0.000911255208566927,0.00295544211460452,-0.484027281097724
2751,16.8899646738617,52.3387960472288,4.79649404167731,0.450988317385182,-1.84060144947969,-0.690829104275108,0.000942479603601859,-0.171941535582718,0.0478656677770086,-0.000911104038773175,0.00338187668649681,-0.491805173072748
2752,16.8928990852264,52.3388484357872,4.75893826913739,0.45514932220469,-1.8578462956689,-0.702423141667482,0.000947768588436898,-0.171814731606837,0.0626486614841886,-0.000910723656915496,0.00404682878982499,-0.496131705882362
2757,16.8458622291663,52.3397988368298,4.03009786548716,0.461283561143134,-1.81850953392639,-0.617457983640449,0.000952147430505909,-0.148162833260074,0.21534755918681,-0.000885304851578728,-0.0191149703344067,-0.472879797408041
2759,16.8517310243162,52.3399057324311,4.15862766776104,0.453789802882383,-1.83254396384509,-0.631407913249651,0.000950682366897881,-0.152868424743041,0.186438316199741,-0.000887158839264185,-0.00946811855605034,-0.461105012688222
2760,16.8546654350547,52.3399590714189,4.22799218525483,0.450487087984399,-1.83632420617483,-0.636525350290798,0.000948932115336087,-0.154908837217485,0.169724590327313,-0.000888997422685972,-0.00655196788896717,-0.457189318988412
2762,16.8605342856312,52.3400655301788,4.35846933762514,0.446189576767708,-1.83899903395974,-0.644648997874301,0.000946367374766235,-0.158543954799166,0.137585865714705,-0.000891767923120623,0.00105255731642728,-0.453193905236958
2763,16.8634687240171,52.3401186502693,4.4186541588233,0.445651033173419,-1.83767606635107,-0.648611490895734,0.000945975802278731,-0.160355332446017,0.123077357166835,-0.000892875698351697,0.00558099261394318,-0.453645056358141
2764,16.8664031725552,52.3401716976671,4.48250743606809,0.444858981875868,-1.83504095400061,-0.652001417796532,0.000944514805428176,-0.162087427550293,0.107634505326114,-0.000894820717453781,0.00774057622904678,-0.45509310448756
2765,16.8693376288931,52.3402246724306,4.54764658991849,0.444112998233521,-1.83114738356326,-0.654951934704178,0.000942395743274635,-0.163755269702065,0.0919080404571808,-0.000897170635683439,0.0083835903509879,-0.457548061870853
2766,16.8722720955498,52.3402775737877,4.61625035298766,0.441684407383761,-1.82830202804916,-0.656357127739021,0.000938771955725823,-0.165078866596684,0.0747051034382231,-0.000899742676489651,0.00789415082871159,-0.459141667780841
2767,16.8752065701597,52.3403304025899,4.67863021971357,0.44073282826605,-1.82415586933559,-0.658574533368588,0.000935944566135882,-0.166488052036794,0.0599001404511732,-0.000902201873462141,0.00709706861869819,-0.462901176224591
2768,16.8781410545972,52.3403831586107,4.72801882565204,0.441402980386982,-1.8216297288014,-0.662501326932185,0.000934654271239524,-0.167857105340545,0.0499849258968652,-0.000904352586581739,0.00578913956705662,-0.469301938445142
2769,16.8810755480532,52.3404358417318,4.7693640174457,0.443774902680317,-1.81844553371393,-0.667763618513508,0.000934063773161686,-0.169275559239821,0.0430998770657105,-0.000906461002357167,0.00396236899415925,-0.478067422645495
2771,16.8869445620258,52.3405409894201,4.82131537643795,0.45106923372397,-1.81639214789322,-0.681263869585541,0.000934562406172817,-0.171594078878808,0.0389211999780681,-0.000909677277892013,0.0020554998249267,-0.498505938189169
2772,16.8898790817624,52.3405934539819,4.82016943436747,0.455336245065595,-1.82238660822144,-0.690107254606571,0.000936908972987302,-0.172203148072459,0.0444772949139773,-0.000910261035721879,0.00241521728267458,-0.507717000833281
2773,16.8928136116851,52.3406458457799,4.79323462712114,0.459561501997911,-1.83594959409019,-0.700841426211598,0.000941264215979759,-0.172290165707231,0.0565943826229214,-0.000910086023023671,0.0033760988907332,-0.513670022070301
2775,16.8983717271657,52.3408114216429,4.67746643471219,0.466790270509094,-1.88034011322615,-0.724987027724282,0.000953082882522008,-0.170998769711307,0.0939335349068255,-0.000907472943577889,0.00629471327953723,-0.512664708830016
2776,16.8436376018076,52.3412270862755,3.99087290931493,0.473729217366071,-1.77960756222085,-0.611052667855128,0.000945439768367404,-0.145246193726917,0.226101776520942,-0.00088616607151068,-0.0334957275086296,-0.507089945004964
2778,16.8487093576668,52.3416496794134,4.09062639459796,0.468042175824081,-1.79390088345583,-0.625724527351933,0.000945012143876253,-0.149606392301497,0.206242058549243,-0.00088558574538794,-0.0227065296911775,-0.498087987750523
2780,16.8545784081509,52.341756436392,4.22817432156603,0.459604585860632,-1.80959113355193,-0.638308808411594,0.000942072034484626,-0.154271607991744,0.174787627153677,-0.000889849586097252,-0.0169505580655169,-0.485828759951346
2781,16.8575129480872,52.3418097057445,4.28388909144337,0.458068997709574,-1.81368125626305,-0.643187996626617,0.000943059673163285,-0.156223500418934,0.161339454619231,-0.000889276624478075,-0.0088098165938888,-0.482257325534874
2782,16.8604474963185,52.3418629022383,4.35540113231491,0.454662339102356,-1.81686920860683,-0.646835671452246,0.000940610392129407,-0.158046899044669,0.143649288465461,-0.000891978595261231,-0.00749243034751856,-0.479121500377801
2783,16.8633820537926,52.3419160256134,4.41705835620724,0.45307734223708,-1.81804005020063,-0.650504400274881,0.000940071597244879,-0.159816888683871,0.128535919696919,-0.000892939499011883,-0.0027628304048406,-0.477800739749568
2784,16.8663166203643,52.3419690763072,4.47749858518864,0.452322526398746,-1.81714938124887,-0.654195221028113,0.000939720572360928,-0.161610184482321,0.113981557938203,-0.000894017589865653,0.00165406138914648,-0.47817579703792
2785,16.8692511966881,52.3420220541622,4.54027475988369,0.45165385170921,-1.81459660081445,-0.657515378803835,0.000938534405930183,-0.163362582361891,0.0989035593496013,-0.000895832782589603,0.0040450993811163,-0.479747540103631
2786,16.8721857812657,52.3420749593042,4.60847757965917,0.44911411885775,-1.81327771337762,-0.659167072658867,0.000935399112699895,-0.164770802560387,0.0818585648774963,-0.000898497766922787,0.00406815179536579,-0.480415179682268
2787,16.8751203752971,52.342127791748,4.67232045880746,0.448521899706932,-1.80850531806801,-0.661649869450265,0.000933062260438378,-0.166375291213161,0.0665449912699145,-0.000900868236685823,0.00416658345556442,-0.48370119373044
2788,16.8780549783483,52.3421805507224,4.72592063265529,0.447771497618518,-1.80747689221917,-0.664594663389272,0.000931234846521023,-0.167657321406175,0.0547653672487485,-0.000903071565482444,0.00362822513334038,-0.487780868782806
2789,16.8809895900084,52.3422332374026,4.76566058300023,0.448905061904483,-1.80748677856841,-0.669389185772834,0.000930928417776783,-0.168911898875034,0.0480258127197004,-0.000904858951932708,0.00286034167400118,-0.494581062544739
2790,16.8839242120815,52.3422858510208,4.80192903443503,0.451835916981224,-1.80408545642299,-0.675173879892492,0.000930577326746868,-0.170299698537317,0.042563800692788,-0.000906701491208972,0.00158414154543607,-0.50366485788004
2792,16.8897934815124,52.3423908600919,4.83299764323192,0.459245236667641,-1.80710002478363,-0.689847845404435,0.000932409984578289,-0.172159791102295,0.0438261807065023,-0.00090880168161829,0.00177997923782414,-0.522423191923167
2793,16.8927281293857,52.3424432550414,4.80964516344693,0.462977171500214,-1.82135686010409,-0.700014838311144,0.000936844243940943,-0.172289857809147,0.0552194812942481,-0.000908578956607523,0.00295947782809947,-0.528426303572701
2795,16.8985955345972,52.3425489000932,4.70093443119163,0.47040037452814,-1.86410030823004,-0.724251797835036,0.000948473203213784,-0.171224155141701,0.0910838870869012,-0.00090649293877984,0.00630143401701133,-0.528577852851868
2797,16.8434796468042,52.343684002443,4.01852864134128,0.487053782758565,-1.72588139955869,-0.612894932386714,0.000930624390503051,-0.144100814488693,0.225489199876954,-0.000893050337590989,-0.057134493697923,-0.55534600019007
2798,16.8456888820391,52.3433944666707,4.05371879910558,0.481310308895999,-1.74573634596838,-0.619207876204415,0.000933695851227517,-0.146302094743223,0.217994853990341,-0.000890746613629506,-0.0473979343363951,-0.540264094062536
2799,16.8486220839055,52.3434470368475,4.10035338310081,0.477509395360784,-1.75939934126485,-0.626540359331827,0.000936143181925156,-0.14868570483865,0.208087330126645,-0.000887909086189353,-0.0359867319526259,-0.530402880569113
2800,16.8515567232962,52.3435004555394,4.15767149738122,0.473464357330627,-1.77106656170265,-0.633646012851974,0.000936807563984066,-0.151132589205069,0.195651851050172,-0.000887852201371928,-0.0289018880544063,-0.522129275200996
2801,16.8544913727497,52.343553800995,4.22003519165833,0.469787007212261,-1.78028642349308,-0.6397086158146,0.000936631071618399,-0.153427200081994,0.181380753189636,-0.000888856325203663,-0.0235535094545938,-0.51535968147914
2802,16.85742603032,52.3436070733027,4.28428239180596,0.466548855493187,-1.78730947257376,-0.644739329978904,0.000936084645568977,-0.155529980093018,0.166088911823586,-0.000890196673949892,-0.0188972771113569,-0.509975072417319
2803,16.8603606978897,52.3436602733702,4.35174624497745,0.463306265143075,-1.7926441506197,-0.648821374518816,0.000934681063254186,-0.157463537864746,0.149613497028707,-0.000892324124174795,-0.0158844434847722,-0.505696629231807
2804,16.8632953746091,52.3437134004332,4.4139136755457,0.461046956695881,-1.7960692394483,-0.652457215982464,0.000934178577785286,-0.159255956069842,0.13430546862925,-0.000893288818084523,-0.0110471584242759,-0.502876896495309
2805,16.8662300593399,52.3437664547309,4.47374803216826,0.459597555003839,-1.79750044348935,-0.656001832098481,0.000934127812633329,-0.161022138237803,0.119709073124035,-0.000893885597599106,-0.00566492841583965,-0.501634471007833
2806,16.8691647549802,52.3438194359071,4.53571510716301,0.458231741516258,-1.7973436257272,-0.659184350522638,0.000933375434881006,-0.162742738224715,0.104636300709799,-0.000895208719741553,-0.00192385836374598,-0.501566242739273
2807,16.8720994578507,52.3438723444242,4.59788599901322,0.457344002789029,-1.7951049225079,-0.662230271244702,0.000932248297368987,-0.164453625835158,0.0896364210635134,-0.000896842508627621,0.000724815146128321,-0.502909963366392
2808,16.8750341708678,52.3439251799274,4.66444297866337,0.454891489963174,-1.79426838684993,-0.663776898230624,0.000929343277117328,-0.165866414427409,0.0730720413935622,-0.00089952254253628,0.000958585876759344,-0.503452923385908
2809,16.8779688930284,52.3439779426551,4.72157000713469,0.454245590153292,-1.79197115895566,-0.666642710097037,0.000927693049522338,-0.167337291214679,0.0599582837522092,-0.000901611196809815,0.00140433021116593,-0.5067416319622
2810,16.8809036236696,52.3440306328407,4.76521326704142,0.454715212931589,-1.79195632113547,-0.670910057430998,0.000927179353552923,-0.168644704953966,0.0516467949184545,-0.000903413972460201,0.00126709644612077,-0.512083295151228
2811,16.8838383643375,52.3440832495578,4.79784506898022,0.456477245301599,-1.79256957127174,-0.676418893933388,0.000927447722856425,-0.169851559547514,0.0470694987787486,-0.000904904435630072,0.000959883351271174,-0.51927681557595
2813,16.8897078711407,52.3441882653456,4.82818565764933,0.462537588322917,-1.79915403996065,-0.690508827961224,0.000930052426727473,-0.171659567154034,0.0483860200926411,-0.000906671069903192,0.00152650163988,-0.535748809668121
2815,16.8955774142704,52.3442929894619,4.80573841768069,0.47101486248431,-1.81348632441367,-0.709131122929791,0.000935127702514901,-0.172468547307115,0.0628306199838056,-0.000906997470087781,0.00461865303315534,-0.549046609791958
2816,16.8985121995349,52.3443452422977,4.74883363352433,0.474568811241326,-1.83582689930157,-0.721164952734262,0.00094113350240875,-0.171869018954766,0.0812969400875324,-0.000906006689418357,0.00643835433253059,-0.548433398220936
2820,16.8456015092048,52.3451900603506,4.0636736672617,0.491965734950469,-1.70641108783074,-0.619664121557138,0.000924716490190797,-0.145234345995434,0.219227375309309,-0.000893697533933757,-0.0592907053551883,-0.574810846549099
2822,16.8514695596347,52.3452978156051,4.16315578049273,0.482839139431036,-1.73732766594012,-0.634459350005814,0.000928640899047359,-0.150191045403533,0.19845176262487,-0.000889714118651561,-0.0401054312617575,-0.553493059137622
2823,16.854404327168,52.345351164518,4.22044937744442,0.478969349931205,-1.74912183239976,-0.640730015200111,0.000929424790402283,-0.152526388873079,0.185593227749905,-0.000889710492401413,-0.0330740073579179,-0.545253998184648
2824,16.8573391041527,52.3454044409829,4.27876416404672,0.475770894641613,-1.75839446313308,-0.646069648190158,0.000930086935941363,-0.154675900207804,0.171923041061106,-0.000889780701149465,-0.026146524367114,-0.538586259209296
2825,16.8602738903328,52.3454576440232,4.33849624247682,0.473019638985562,-1.76551955214262,-0.650723823774692,0.000930490985313365,-0.156695219824179,0.157590088834162,-0.000890153798779145,-0.0197939315208586,-0.533356325618456
2826,16.863208685645,52.3455107744695,4.40807726609228,0.469471146325731,-1.77191378778911,-0.654396515268493,0.000928653660221268,-0.158630403637424,0.140597424632656,-0.000893251352896848,-0.0181965799244708,-0.528755369994656
2827,16.866143489652,52.3455638320622,4.47034618938801,0.467020658879051,-1.77590938140644,-0.657700283149602,0.000928104241972511,-0.160389942600663,0.12523002494963,-0.000894425064855112,-0.0137282269803336,-0.525757166559174
2828,16.8690783037682,52.3456168167603,4.52729009957784,0.465902315557059,-1.77682435660864,-0.661305585548549,0.000928776184119504,-0.16215952318915,0.111409347851598,-0.000894225926710748,-0.00706154919848245,-0.524851053854036
2829,16.8720131258016,52.3456697287411,4.59151062598971,0.463732001211881,-1.77789501874185,-0.663832992049457,0.000927298360589801,-0.163785675994649,0.0955833729456153,-0.000896218623567133,-0.00462577142177167,-0.524044459259358
2830,16.874947957569,52.3457225675908,4.65479468304261,0.461909254788807,-1.77725399815486,-0.666113105544721,0.000925613837199454,-0.165353341468144,0.0800187408071622,-0.000898161160196684,-0.00253528985273022,-0.524353350383194
2831,16.8778827981469,52.3457753337973,4.71415525645875,0.46033503031488,-1.77676877017975,-0.668450542736798,0.000923856104999926,-0.166795969283825,0.0658525621374402,-0.000900269673758641,-0.00134804476946471,-0.525731816901953
2833,16.8837525068247,52.3458806476343,4.78861119163366,0.461166300614266,-1.78195374915995,-0.677841139674296,0.000924427112056536,-0.169225212566978,0.0530435312704451,-0.000903249349405166,0.000196896805775282,-0.535096170308179
2834,16.8866873751738,52.345933195386,4.81092065325379,0.463315361237022,-1.78479284369727,-0.684138818032206,0.000925655465620415,-0.170277983003217,0.0514448142321733,-0.000904187321474292,0.000657669062547939,-0.542087385167406
2835,16.8896222516518,52.3459856698939,4.82216152257365,0.466222026566413,-1.78938281637502,-0.691328172643891,0.000927422635559033,-0.171116890593204,0.0530422014697045,-0.000904772487193048,0.00136920961391951,-0.549532208716755
2837,16.8954920332281,52.3460904009226,4.81830538760755,0.474032310550513,-1.79817873260409,-0.708086468632852,0.000931061070279349,-0.17227991378228,0.0619863145146278,-0.000905217388975657,0.00450459676116566,-0.56323439899802
2838,16.8984269365567,52.3461426569972,4.78621436755861,0.478238232747998,-1.81063884855895,-0.718599203992524,0.000934677611739571,-0.172222946489356,0.0739638965043227,-0.000904789937882761,0.00650544841147394,-0.566531164024127
2839,16.9012306599826,52.3461263868473,4.71914637560758,0.481233477719812,-1.83556774205466,-0.730469625413303,0.000940849124674042,-0.171355578475129,0.0939245585446606,-0.000903575351332078,0.00820423505258816,-0.562352495452842
2843,16.8513823865355,52.3470951752689,4.17038402045125,0.492234602459632,-1.70204614250566,-0.635244782694203,0.000920130137534739,-0.149237807008141,0.200707902869475,-0.000892334474492829,-0.0511454987183697,-0.585329081400573
2844,16.8543172726132,52.3471485277645,4.22425299850954,0.48791120499709,-1.71637834705228,-0.641661198730779,0.000921531183006405,-0.151609306128371,0.188846431476705,-0.000891629506557606,-0.043338005242731,-0.575589118694438
2845,16.8572521687075,52.3472018073967,4.27804587962112,0.484431395471518,-1.72785437253029,-0.647083384256831,0.000923033470365958,-0.153758413477291,0.176317584154571,-0.000890601412222983,-0.0349001104829014,-0.567515350159397
2846,16.8601870738208,52.3472550141412,4.34175089130349,0.480761864452163,-1.73809900106478,-0.651977457762111,0.000922705993786285,-0.155944309551844,0.161308980162598,-0.000892494801480542,-0.0307384820137102,-0.560573061930199
2847,16.8631219875602,52.3473081479643,4.39489933141817,0.47847972749426,-1.74469398184855,-0.656187829940592,0.000924386291691295,-0.157797301994176,0.14827713487611,-0.000890956452831146,-0.0216020531553553,-0.555565942670455
2848,16.8660569109288,52.3473612089812,4.4633103091985,0.475040802862139,-1.75186979776127,-0.659533722670998,0.000922735499533631,-0.159710401033593,0.131564369732434,-0.000894226488560912,-0.0200905851215794,-0.550833681485869
2849,16.8689918431819,52.3474141970666,4.52087611161164,0.473072589288932,-1.75520776623911,-0.662909475576035,0.000923276653149618,-0.161445430130511,0.117369248214622,-0.000894083477446087,-0.0134970960046203,-0.548205703057192
2850,16.8719267844073,52.3474671123006,4.58072220281883,0.471207194649679,-1.7567983086458,-0.66596075435589,0.000923075862989328,-0.1631401505974,0.102636028397843,-0.000894760836316302,-0.00850300811221416,-0.546743306651251
2851,16.8748617352544,52.3475199547049,4.64042197780668,0.469765203992978,-1.75572189526486,-0.668869920413623,0.00092247806128587,-0.164792049701546,0.0879165560768804,-0.000895570699999904,-0.0042446219966692,-0.546658558711556
2852,16.8777966947775,52.3475727244245,4.70575030057967,0.466708757146208,-1.75932196979166,-0.670247364472745,0.000919799740461344,-0.166204597804764,0.0718681987891898,-0.000899005925250301,-0.00451155141583826,-0.545494184709241
2853,16.8807316640048,52.3476254209392,4.74880241765436,0.465631088011918,-1.76477767430516,-0.673955218666817,0.000919577545956368,-0.167416129075502,0.0633233830353852,-0.000901083995580462,-0.00357535295030686,-0.547366469278586
2855,16.8866016279147,52.3477305958024,4.8011980760009,0.467869692339804,-1.77351277565193,-0.685382232401309,0.000922525489953682,-0.169628959775888,0.057244669567627,-0.000902732865765615,-0.000100938351344837,-0.557401299692174
2856,16.8895366239526,52.3477830738329,4.81289720054497,0.47023612975029,-1.77920285052085,-0.69236305231863,0.000924688134260221,-0.170485689822407,0.0585561129224494,-0.00090313825724142,0.00111026573620165,-0.563723193234182
2857,16.8924716285633,52.3478354792597,4.81375250010115,0.473155358477257,-1.78623647019767,-0.700111672674112,0.000927199078290614,-0.171115436911908,0.0625067428597879,-0.000903318684046028,0.00244763709731188,-0.569503316298892
2859,16.8983416655028,52.3479400713326,4.78597407604616,0.480497908344546,-1.80137247932922,-0.718015779225873,0.000932357303243064,-0.171738522658924,0.0767127051789301,-0.000902855405352815,0.00608762851351941,-0.57864767251624
2860,16.9012201870632,52.348037807522,4.77322444106767,0.48555744708689,-1.80233040717111,-0.727097157115222,0.000932687308595623,-0.172013770233249,0.0824886020628668,-0.000902560089508814,0.00842973540554937,-0.584517382036211
2866,16.8571652239676,52.3489991733285,4.28144791466832,0.492814242111038,-1.69613002760768,-0.648094393554597,0.000915163590522822,-0.1528765342439,0.179697303345584,-0.000892855881528834,-0.0448220765650547,-0.596763859945781
2867,16.8601002475881,52.3490523833933,4.33929644979617,0.489080409581604,-1.70823254380597,-0.653088846082458,0.000915965852696016,-0.155042834408867,0.166106197759042,-0.00089326324102619,-0.0385469215407426,-0.588582332255783
2869,16.8659703221988,52.3491585850098,4.44949941853633,0.483376185226689,-1.72446712629105,-0.661206870726119,0.000918468097920289,-0.15879641146633,0.139070570353777,-0.000891690962535163,-0.0227668656670588,-0.576742463879214
2870,16.8689053744402,52.3492115765721,4.50944183162687,0.480723396738327,-1.73023239674117,-0.664623999189271,0.000918580071794489,-0.160607869033548,0.124298412649996,-0.00089246952298784,-0.0173883305396956,-0.572573146043737
2871,16.8718404341568,52.3492644952839,4.56974518975858,0.47829592278103,-1.73407756939882,-0.667651899343316,0.000918367949410387,-0.162328344832613,0.109352932379409,-0.000893398798768333,-0.0125465755128218,-0.56959724140529
2872,16.8747755033907,52.349317341418,4.63212769787287,0.4758158433266,-1.73713499073628,-0.67013989771254,0.000917374649318889,-0.163974788861609,0.0938974415021718,-0.000895177870779543,-0.00937436258685409,-0.567448570599254
2873,16.8777105825103,52.3493701142636,4.69383657458889,0.473513299186664,-1.73845111731273,-0.672277348005773,0.000916042209391163,-0.165525409064863,0.0785374041539662,-0.000896917876094708,-0.00656675170565535,-0.566282461842547
2874,16.8806456693566,52.3494228142491,4.74603335895904,0.471763282660547,-1.74265356095862,-0.675111085120125,0.000915176031321213,-0.166903334091522,0.0667391816391287,-0.000899188303781356,-0.00520676769210127,-0.566511996882127
2876,16.8865158716514,52.3495279957866,4.80096691004519,0.472659400478747,-1.75481120675747,-0.685839231000081,0.00091798306910057,-0.16911429808847,0.0595216178279472,-0.000901291533664139,-0.00119025987007859,-0.573602732630206
2877,16.8894509867831,52.3495804774407,4.80954036793287,0.474585669447762,-1.76365950705394,-0.692908134854125,0.000920738219393175,-0.169931110389541,0.0618584861630183,-0.000901756678743759,0.000521639892390624,-0.578797979509773
2878,16.892386110605,52.3496328858825,4.80667485887807,0.477088990408333,-1.77438064575906,-0.700789573494287,0.000924083803251111,-0.170513885635401,0.0671462605841482,-0.000901906498990093,0.00216657624391559,-0.583618183393355
2880,16.8982563851396,52.3497374848054,4.81182836937887,0.483808639939895,-1.77783262989632,-0.716077034766249,0.000926584065830169,-0.171745923831882,0.0717947474896199,-0.000901335217958585,0.00610606885823017,-0.595018974864956
2881,16.9011915351949,52.3497896748345,4.78129406894959,0.48773746208596,-1.7892799724567,-0.725981299883136,0.000929646382222732,-0.171685409615982,0.0827688075825075,-0.000900780992314942,0.00804814388460073,-0.597390307218575
2884,16.857245250255,52.3506683500365,4.28786791313428,0.500411895768877,-1.66633650717571,-0.649279782862973,0.000907875209055678,-0.152169365797057,0.182006341511045,-0.000895153962598566,-0.0529380037287766,-0.623687280757736
2885,16.8600134126169,52.3508497523639,4.33487979915958,0.497385386133374,-1.67633383426426,-0.653890541728508,0.000909418649155724,-0.153989976790633,0.171010006340964,-0.000893333767736232,-0.0447074111064083,-0.617016215467856
2886,16.8629485647108,52.3509028927341,4.3845316237032,0.494014343838586,-1.68683508190479,-0.658227601427626,0.000911626931015055,-0.155845937971723,0.158738287422381,-0.000891022843416661,-0.0348178794889051,-0.609122527213913
2887,16.8658837251564,52.3509559607115,4.44245201023068,0.490741612394643,-1.69661244070939,-0.66226707839969,0.000912410989032303,-0.15780990385394,0.144643136037125,-0.000891403805226273,-0.0286182641976467,-0.602393380516219
2888,16.8688188956789,52.3510089555879,4.50069742196069,0.487773109488103,-1.7042792860455,-0.665815052877473,0.000912928988252876,-0.159650992200335,0.130258309361373,-0.000891846248191358,-0.0226306893661814,-0.596924747339017
2889,16.8717540748725,52.3510618777457,4.55825741486501,0.485082951377919,-1.70945471736685,-0.66899342918062,0.000913312130834551,-0.161363421304131,0.115834259646984,-0.000892009292204524,-0.0164638554707039,-0.592715137116102
2890,16.8746892630896,52.3511147267599,4.61765031476239,0.482499258306959,-1.71318860560642,-0.671761427838458,0.000913043151052007,-0.163017794828299,0.100941859220267,-0.000892879650899736,-0.0116520064389789,-0.589544373680951
2891,16.8776244605164,52.3511675032509,4.6786022490553,0.479974303811773,-1.71599531855738,-0.674076061734686,0.000912106501094273,-0.164613849763818,0.0857012161146251,-0.000894455521256263,-0.00823775968962082,-0.587268263271653
2893,16.8834948826295,52.3512728374371,4.77701282783414,0.47682417119664,-1.72645640682692,-0.680404602465023,0.000911348019511246,-0.167412633230256,0.0639222639626276,-0.000898653476988504,-0.00457873153290222,-0.587053296016393
2894,16.8864301068614,52.3513253952317,4.805175651318,0.477177219772329,-1.73092980826585,-0.685616314159926,0.000912740395246914,-0.168535820748293,0.0596419618259869,-0.000899186944035499,-0.00152276971873277,-0.590109686204755
2898,16.8981710950153,52.3515348974362,4.81749646200637,0.486665325218837,-1.76158697886981,-0.715278024368361,0.000922735427491786,-0.171300932572237,0.0722969605432731,-0.000899596979967415,0.00593277316712459,-0.608815838977762
2906,16.871667706048,52.3528592595304,4.54917931911746,0.491558725974045,-1.68415134824384,-0.669997628004566,0.000907486954117159,-0.160356293430793,0.121641805007968,-0.000891717149050494,-0.0217100198475606,-0.616005258682776
2913,16.8922150467343,52.3532276974927,4.81042441968134,0.485137472033543,-1.7356342687547,-0.70042833463496,0.000914707689215616,-0.169433499366981,0.0697264989324795,-0.000899124550930525,0.00120350589552487,-0.61411091516311
2918,16.8628303176955,52.3544676425819,4.38113678119817,0.508626706977267,-1.62543394927001,-0.660128502331467,0.000897517947790485,-0.153889888129436,0.167401537943515,-0.000893621046614682,-0.048057435514167,-0.663417030430878
2936,16.871494942046,52.3564540208545,4.53030647470609,0.504148602714636,-1.62947980261235,-0.672123264029214,0.000895413021918604,-0.15818357225942,0.133524586519375,-0.000891460684046344,-0.0306401205511406,-0.664246321181622
2973,16.5223340955046,52.3478465851172,6.80163039551587,-0.0790590080375129,-1.10186294514429,-1.16543297783725,0.000614189631788602,-0.103814075656391,0.174798534003596,0.000563364160172969,0.0462629065984572,-2.27487224714594
2985,16.522233566436,52.3496435265641,6.80644439165815,-0.0765740953802627,-1.10203089957898,-1.15933888422412,0.00060645087397547,-0.103975717374574,0.17703111804641,0.000565373140991476,0.0488372314602463,-2.28415174815046
3085,17.003239589965,52.5620268160088,7.89475692689416,-0.0980221794381606,-1.78577483320245,-1.31172589454742,0.000547903859308018,-0.121046872295624,0.033426893125883,3.16630895998704e-05,-0.050483821204385,-2.46566651279295
3095,16.9943091476095,52.5636746665647,8.06798686341722,-0.117310625545507,-1.87358885557271,-1.35572512084414,0.000570487225139178,-0.122945908708997,0.0374251837428297,7.73794033111785e-05,-0.0491057620716014,-2.54960487569679
3096,16.997258735259,52.5637246118513,8.01427614608906,-0.111961656889005,-1.84868942388722,-1.34080636591131,0.000563028352137335,-0.122348674640149,0.0367275460807797,6.31801862033959e-05,-0.0491036553957354,-2.52388592846592
3097,17.0002083311904,52.5637744836831,7.96514693159043,-0.106669826489064,-1.82051996524426,-1.33444904906145,0.000554677703849775,-0.121783398451868,0.0364706399710517,5.00630187971474e-05,-0.0494616779438617,-2.5013864644319
3098,17.0031579362677,52.5638242821253,7.91179701131932,-0.101854545277181,-1.80035143923874,-1.3189696536931,0.000547911092215338,-0.121239944494762,0.0353795549081983,3.56561165307107e-05,-0.0492404496080694,-2.47337921227609
3099,17.006107549924,52.5638740070919,7.86606608471266,-0.097238985654581,-1.77721919649873,-1.31396171792964,0.000539882597326274,-0.120772872709022,0.0347363355431121,2.26493849529025e-05,-0.0494073198622648,-2.44981570807511
3106,16.9883277343516,52.5653720045903,8.18016488120065,-0.133302434479905,-1.96007193691505,-1.37319963153254,0.000589761632838769,-0.124430847326909,0.0383038378521103,0.000105300808678765,-0.04656125951072,-2.59122071295906
3109,16.9971768318184,52.5655220706721,8.03395776591128,-0.115859969609275,-1.86192604562371,-1.35396058294962,0.000562570791652369,-0.122564605251446,0.0386767881894201,6.72420724676104e-05,-0.048127857275849,-2.53255138562247
3110,17.0001265484244,52.5655719456157,7.98233271428649,-0.110619451892191,-1.83653911621689,-1.34189596189353,0.000554900511100987,-0.121992957368882,0.0381376836352754,5.36332274628376e-05,-0.048208449768941,-2.50802698313794
3111,17.0030762737654,52.5656217475269,7.93238210026334,-0.105592188100189,-1.81194768755591,-1.33215097773849,0.000547164882035793,-0.121453742868404,0.0375758776116992,4.02681511632308e-05,-0.0483051839235278,-2.48368062752627
3112,17.006026007469,52.5656714754819,7.88418825128429,-0.100879089929641,-1.78952635293506,-1.32341946088012,0.00053951985981435,-0.120960314346636,0.0368545806822098,2.6991815108332e-05,-0.0483278162905482,-2.45898373048999
3124,16.9911952719218,52.5672195517753,8.14642280892963,-0.131407631340881,-1.94527421262033,-1.37180694355513,0.00058129233176899,-0.124005679557829,0.0395925204868757,9.4989645526497e-05,-0.0457470497546555,-2.57574933796946
3125,16.9941450915587,52.5672695771056,8.09794055444854,-0.125592535765858,-1.9126499441814,-1.36465408077665,0.000572280942930076,-0.123385336978641,0.0397537251057258,8.24780113005547e-05,-0.046242508529548,-2.55655277474648
3126,16.997094919817,52.5673195288588,8.05110290547304,-0.119821375007959,-1.87818523756457,-1.36245890474822,0.000562847006213545,-0.122777737976342,0.0401820747950214,7.04817401069729e-05,-0.0469358104761368,-2.53856645919325
3127,17.0000447570299,52.5673694072253,7.99983851245429,-0.114523670056435,-1.85228960774986,-1.35009413815656,0.00055510610182867,-0.122205104431975,0.0397303810432525,5.71166832901426e-05,-0.0470178865747124,-2.51469657958432
3140,16.9911131101142,52.569017002959,8.15943170733794,-0.135479838230367,-1.96597092555938,-1.3744904786186,0.000582572383229599,-0.124220993665162,0.0404238519786997,9.68082048490443e-05,-0.0442806167409169,-2.57722561525418
3141,16.9940630507655,52.5690670315606,8.11370536738013,-0.129557389828634,-1.93024285817381,-1.37171704432312,0.000572889516220082,-0.123597825262097,0.0409665615410546,8.51051640441275e-05,-0.045005080745198,-2.56090540063474
3142,16.9970129990623,52.5691169864988,8.06521127027645,-0.123898766199488,-1.89890027741624,-1.36421785012077,0.000564122024406411,-0.12299744837426,0.0410883603959391,7.27111251202922e-05,-0.045425178271318,-2.54112981960236
3148,17.0147128734191,52.5694151739719,7.76581987642726,-0.0955050176565919,-1.77244106872888,-1.286788586791,0.000521142965910005,-0.119934403135193,0.036136977932971,-7.32656194016301e-06,-0.0444662932276855,-2.38812082388995
3186,17.0086499778603,52.5729110109994,7.9091747340949,-0.11066570598673,-1.82020309235315,-1.35005360719981,0.000531505387268597,-0.121265053667118,0.0433561144591099,2.98006567023279e-05,-0.0440534270676321,-2.46815995520069
3187,17.0116002103308,52.5729606049119,7.86201680460385,-0.106153642713135,-1.80020701989483,-1.33847776358363,0.000524116040519792,-0.120808167383874,0.042568668941712,1.70357532792015e-05,-0.0438393896160365,-2.44357239329509
3188,17.0145504524135,52.5730101258197,7.81083882906591,-0.102031892434781,-1.78767573459346,-1.31746607542168,0.000518373504947586,-0.120356596172826,0.0409565907689711,3.05919381426989e-06,-0.0431228503923287,-2.41407652423015
3189,17.0175007019718,52.5730595728789,7.76513179309177,-0.098146491082602,-1.77345861166006,-1.30439412090596,0.000511760183896455,-0.119964408193201,0.0396464032361408,-1.00051372000781e-05,-0.0426466716634956,-2.38746743205786
3208,17.0085685128997,52.5747084794138,7.92657000535951,-0.114220681158226,-1.8343855910564,-1.35766238315942,0.000531778891373808,-0.121461197505717,0.0448158660805333,3.32267134117714e-05,-0.0429933502999189,-2.47537373814885
3210,17.0144692283645,52.5748076005759,7.83520705200795,-0.105241908428145,-1.79289535390896,-1.33796262452469,0.000516467372298412,-0.120574482634428,0.0435220249340826,8.51922105382652e-06,-0.0426729989044716,-2.42838711557897
3213,17.0233203661,52.5749557313548,7.69710037081927,-0.094198916845297,-1.75928333976908,-1.28964071954657,0.000498370259853316,-0.119451560672545,0.0387801994335479,-3.11181148124062e-05,-0.040554032544238,-2.34491325018166
3230,17.0084870391866,52.5765059472637,7.94286601409499,-0.117808697776724,-1.85041171429517,-1.36269003920135,0.000532493978406467,-0.121659757540813,0.0459818597152157,3.61870573461071e-05,-0.0418343779232367,-2.48116982261183
3231,17.0114375140689,52.5765555479301,7.89723579345423,-0.113031139970534,-1.82638204895322,-1.35442997597885,0.000524398739182901,-0.121186421940431,0.0456810162275225,2.42936710607711e-05,-0.0418302457428058,-2.45937956054104
3232,17.0143879958739,52.576605074903,7.85028850698745,-0.108607357855668,-1.80770551646353,-1.34098649672507,0.00051724947512719,-0.12074211334131,0.0448269064592832,1.1730872769275e-05,-0.0415039697059064,-2.43468237094839
3250,17.0084055575774,52.5783034144719,7.95854746002829,-0.121409181596434,-1.86765469671675,-1.3661354855568,0.000533498262990343,-0.121862365762743,0.046928922324323,3.88162662695868e-05,-0.0406234409514991,-2.48601805730607
3251,17.0113561524477,52.5783530183361,7.91382030810882,-0.116506988972169,-1.84144314789132,-1.35993931954078,0.000525021312632119,-0.121379648587778,0.0468924717166566,2.73856736834749e-05,-0.0407404559258384,-2.465754019938
3252,17.0143067555095,52.5784025486165,7.86804524060881,-0.111941802651604,-1.820263509577,-1.34906430989732,0.00051738917199164,-0.120929177570098,0.0463395078772759,1.535563498406e-05,-0.0405564559210981,-2.44280628126205
3273,17.0142255062387,52.5802000218265,7.88699281677327,-0.115230151845832,-1.83134656686229,-1.36017036938708,0.000517182113229899,-0.121120992933022,0.0479557037957168,1.91329801361578e-05,-0.0397505708885235,-2.45181382083399
3293,17.0170951008166,52.5820469571619,7.86196406704721,-0.114006570839738,-1.8207577913488,-1.36241893995238,0.000509113567841763,-0.120884295907748,0.0490996763140252,1.12938328743067e-05,-0.0387922104752207,-2.43888802494257
3308,17.0170084499035,52.5838385787639,7.877665876435,-0.117279539083587,-1.83571841815414,-1.36601039354387,0.000510055130013717,-0.12106275407117,0.0501157807946004,1.41732989694249e-05,-0.0377224725352256,-2.44489209340281
3309,17.01971151505,52.5837631862676,7.83997417603905,-0.113021496197216,-1.81226025134291,-1.36392922001569,0.000501888821597772,-0.120687186975021,0.05007345487485,4.29766854018188e-06,-0.037796649206441,-2.42715374683314
3317,17.0153778451786,52.5848651305541,7.91022474022384,-0.12167193942183,-1.85706497837068,-1.37272433215609,0.000514977776150321,-0.121404946415833,0.0507777362582189,2.17118729210208e-05,-0.0371808641598022,-2.45931500356505
3318,17.016611540788,52.5850088466485,7.894053232739,-0.119913749971445,-1.84664405052559,-1.37222717184487,0.000511233732088454,-0.121232955733266,0.0509573552202411,1.75419577516239e-05,-0.0371667195787888,-2.45215860224334
3319,17.0186444218335,52.5848346405486,7.86442787403121,-0.116409665250604,-1.82718259177554,-1.37040913871515,0.00050497453907507,-0.120926331053184,0.0509537197134229,1.00636417817712e-05,-0.0373221901555134,-2.43882209563003
3868,16.7198771554654,52.3338357101427,7.17191664756535,0.051689716910019,-0.551101593622153,-0.985937418859526,0.000808610009265551,-0.137793441512407,-0.129176056354968,-0.00136248152850757,0.131225111829597,-1.75997701794336
3899,16.7051154940807,52.3353487609994,6.94059669513626,-0.00828888307795239,-0.582312032062456,-1.15738727953886,0.000829319189280329,-0.134880238018585,0.00336295374519047,-0.00126532202868547,0.0649915874325773,-1.82325636654491
3902,16.7139169784365,52.3355194711984,7.05956606966424,0.0276100828009689,-0.552084376205212,-1.07157276929625,0.000813254377904613,-0.136633810427297,-0.0629357358341824,-0.00132163809660144,0.0975460909506705,-1.79945557604435
3904,16.7197846836534,52.3356329136099,7.18063925856507,0.0526322506857682,-0.532009642649546,-1.00758083628884,0.000801844287621183,-0.138017186273714,-0.120898924851204,-0.00135587475789144,0.120233880220312,-1.78404270018609
3905,16.7227185512616,52.3356895258968,7.18459294797765,0.0656812357076824,-0.527880262222007,-0.978099096852413,0.000798280652306145,-0.138336850886715,-0.137030113746783,-0.00137502948183874,0.129771364466139,-1.76655907883332
3906,16.7256524283739,52.3357460650696,7.1623322157883,0.077611510698059,-0.527879933632867,-0.952119654585157,0.000796492659089605,-0.13845598814143,-0.146428262820818,-0.00139563787218083,0.137262513770658,-1.74445163279142
3936,16.7050224187883,52.3371459456612,6.91314005747631,-0.00794276683075879,-0.571097635016809,-1.17642647265748,0.000821581569474001,-0.1348102261645,0.0187838724312037,-0.0012596736805347,0.0555893405513288,-1.83763395203277
3941,16.7196922027808,52.3374301166469,7.15851174227362,0.0534534182606201,-0.518094894851155,-1.02974305906273,0.000795508035980157,-0.13805678164675,-0.105458956355557,-0.00134992483655821,0.108579316177194,-1.80209810417796
3979,16.7195997118552,52.3392273185832,7.12206926811996,0.0535449361412788,-0.507623292850448,-1.05256864924664,0.00078943792472061,-0.138020029171511,-0.0861187501229599,-0.00134520792393722,0.0962254795635058,-1.81744117893436
4015,16.7107045989374,52.3408542138281,6.92384821511814,0.0136336664249512,-0.531908006851722,-1.16489706322897,0.000798311275103318,-0.135788522490742,0.0117997498509634,-0.00128595602609854,0.0539343369238914,-1.85037962050762
4018,16.7195072111347,52.341024520072,7.08642830260567,0.0527727930462092,-0.498876192901223,-1.07556155802507,0.000783070288804824,-0.137997364857609,-0.0666445575367812,-0.00134095025880626,0.0833929077808424,-1.83214331995839
4049,16.693006059506,52.342308803812,6.85193778264386,-0.0480219591504465,-0.584358120481477,-1.29797375219143,0.000799540151957351,-0.132538837618965,0.0889347755571031,-0.00112989257446544,0.0019369998983727,-1.91059179597858
4146,16.722164230178,52.3464727542931,7.03500705765998,0.0654346977988887,-0.468724167725158,-1.10853441152656,0.000753990712378048,-0.138819931094332,-0.036425499253024,-0.00134591247166696,0.0523333091772233,-1.86618184196152
4355,16.6659354000097,52.3543699095729,6.85013875741186,-0.119662824924292,-0.665775764901579,-1.41781907232027,0.000713722781843184,-0.123321359124826,0.11702539538074,-0.000656182164567309,-0.0746872350238394,-1.96457216217738
4356,16.6688703963257,52.354427873133,6.85394449428577,-0.114455914211254,-0.65210557750445,-1.41708874615582,0.000715068588438547,-0.124275309993871,0.116184800836247,-0.000702400174512202,-0.0741050306150832,-1.96278130225346
4358,16.6747404198221,52.3545435816519,6.86114132530543,-0.101562154000135,-0.62477591876603,-1.41204194373728,0.000716617700891327,-0.126230487824221,0.115237481908453,-0.000793878613490867,-0.0712597900214256,-1.96300551955812
4359,16.6776754461341,52.3546013267009,6.86654412731332,-0.0950950048529933,-0.611920893671343,-1.41048118372509,0.000717595913098027,-0.127160157717089,0.114338760547366,-0.000833902217568711,-0.0706113114538542,-1.96436091131238
4402,16.6687757875707,52.356225005888,6.86071234398958,-0.110604242385083,-0.649521156524766,-1.41714719654067,0.000699417724105493,-0.124307455557193,0.121788190812705,-0.0006890050905555,-0.0786103041417761,-1.98266892906787
4403,16.6717109128417,52.3562829001145,6.86436173347738,-0.104953277325686,-0.636080406435671,-1.41594473921223,0.000700652075845151,-0.125260454767856,0.121077018408354,-0.000734688393999788,-0.0777358612224788,-1.98153198174555
4405,16.6775811939678,52.3563984706695,6.87145802416626,-0.0918868690912333,-0.609829004616659,-1.41104280353238,0.000702496764922853,-0.127146271586542,0.119886606559638,-0.000822031060364686,-0.0747789532166241,-1.98211051350398
4451,16.6745516672929,52.3581378612215,6.87644041149599,-0.0957903988267894,-0.621985839297386,-1.41494953932976,0.000686588560735816,-0.126171801888992,0.125591985770528,-0.000763167367597295,-0.0815374964202089,-2.00079588115898
4454,16.6833574896084,52.3583109000348,6.88476250022961,-0.0752998629736297,-0.584098557144731,-1.40739514298172,0.000689703099392166,-0.128869744853429,0.123527480365849,-0.000884795892071855,-0.0768979729697854,-2.00218163540927
4455,16.6862927832912,52.3583684338845,6.88142369254422,-0.0652806033973796,-0.571022471048778,-1.39841515005006,0.000689174276810344,-0.129856841130258,0.124712250069173,-0.000929793787854766,-0.0722533793456268,-2.00489889073225
4497,16.6715219024187,52.3598771710415,6.87991372853094,-0.0958008322114221,-0.633275691532857,-1.41079992404805,0.000668282353429731,-0.125361750111548,0.133240717300609,-0.000710370833120089,-0.0840802243558905,-2.02500950416021
4499,16.677392658629,52.3599927562257,6.8876317549317,-0.0857844542403949,-0.609070193272872,-1.41128914681419,0.00067229291043344,-0.127076851073647,0.130655216900283,-0.000792451571246688,-0.0836458592123517,-2.02118223567572
4504,16.6920697228562,52.3602804442445,6.88138451680493,-0.0460034324931407,-0.546566091209719,-1.3924544816913,0.000675870148785496,-0.131547819976535,0.129816143791915,-0.000985273966620903,-0.0753551900885743,-2.02250202370294
4508,16.7038115524759,52.3605092830695,6.8204573765554,-0.00336510620950747,-0.499383087744686,-1.35117670985879,0.00067403046383565,-0.134638417394932,0.135575480889468,-0.00111206444755663,-0.0605448312309775,-2.0169231305656
4509,16.7067470349269,52.3605663107842,6.80269453365497,0.00792621307565256,-0.489717668179718,-1.33674243425542,0.000673838298812537,-0.135358895435432,0.135857623893855,-0.00114293107246111,-0.0568036061138031,-2.01244285146947
4510,16.7096825258205,52.3606232652999,6.78724951859385,0.018911566024375,-0.480377916938746,-1.32333519601792,0.000673562138811312,-0.1360556091225,0.134712987716386,-0.00117083952304789,-0.0550193324799153,-2.00664013797325
4542,16.665556428302,52.3615584212471,6.87779025718658,-0.0947174985110664,-0.654518467486744,-1.39521040322019,0.000645509103151845,-0.123961374353036,0.14405476993179,-0.000624022004783897,-0.0798314229776764,-2.05808025097895
4543,16.6684918998854,52.3616163996815,6.88293276706497,-0.0925554659771297,-0.643573939223716,-1.40014534940119,0.000648496575840386,-0.124714098870543,0.142041025268729,-0.000662764819544415,-0.0828497811689832,-2.05324453056386
4544,16.6714273824293,52.3616743053564,6.88844577210239,-0.0900131632293366,-0.632628969234915,-1.40469186130434,0.000651529908274212,-0.125468488362271,0.139892482019812,-0.000700530520973519,-0.0853914166782506,-2.04890181456051
4545,16.6743628747424,52.361732138219,6.89236765179089,-0.0858928340989209,-0.621005109786765,-1.40632809614686,0.00065395884763743,-0.126289766150586,0.138440244382884,-0.000741092908793012,-0.0859421742153632,-2.04594141061904
4556,16.7066539408779,52.3623634893061,6.81078653436361,0.00743652118070415,-0.490934860508606,-1.35009862078397,0.000661973063683562,-0.135390848206623,0.140012945362949,-0.00112623144516899,-0.0685971466151578,-2.02439920572726
4557,16.7095895522059,52.3624204474142,6.79146797189969,0.0196471126738871,-0.482541325829462,-1.33335702375067,0.000661995560924989,-0.136165370107292,0.140653393766431,-0.00115956688149652,-0.0644709417564897,-2.01984020724512
4667,16.735826649202,52.3665242217785,6.88492570978224,0.161627625764694,-0.460564597833638,-1.17314106508818,0.000627671674098877,-0.146697583007135,0.0585157703311244,-0.00139061203059793,-0.123999790999036,-1.97735805137881
4668,16.738762594863,52.3665804584975,6.99184416215542,0.185532075670093,-0.464883201881705,-1.13610694508708,0.000623517944241245,-0.148794614769831,0.0177063281924243,-0.00141533987477857,-0.128517188215874,-1.97433479414894
4821,16.712060747606,52.3714632537423,6.82926660396311,0.0278138587403056,-0.497857152744906,-1.38149301362921,0.0006058221321153,-0.13744187360611,0.161467578702048,-0.00110737967048247,-0.125196419996026,-2.07753141426019
4822,16.7149969731207,52.3715200846774,6.80724412394341,0.0419174458693128,-0.489924904216039,-1.37043101134374,0.000605683194320653,-0.138525975612723,0.164086959691,-0.00113951062595644,-0.126079701849726,-2.07454108164313
4823,16.7179332074746,52.37157684261,6.78550927103254,0.0562542411835167,-0.483763759633305,-1.35682608136037,0.000605832729316601,-0.139607963176675,0.166033755059519,-0.00117233587519272,-0.127080221565002,-2.07039506018873
4826,16.7267419701583,52.3717466792153,6.72779110701856,0.10094700038665,-0.476673313503991,-1.3014816987328,0.000608787348274728,-0.142834214559334,0.166384596933804,-0.00126998683663612,-0.129841140943505,-2.05259510532926
4830,16.7384871230458,52.3719721072291,6.78755216546995,0.168872557314902,-0.480301879717118,-1.2093377446306,0.000608367860899538,-0.148113487529764,0.121109495288421,-0.00137368030939711,-0.138309478787406,-2.02920510301533
4831,16.7414234352191,52.3720282820389,6.84650077365256,0.187674213773473,-0.485179213127097,-1.17965812175681,0.000609066261717764,-0.149649412822348,0.096876555261676,-0.00139468668095447,-0.135053909781867,-2.02692515199305
4832,16.744359757707,52.3720843841081,6.91651098758734,0.206789043931114,-0.492477776815953,-1.14825419564011,0.000610735070600443,-0.15121556805807,0.0694357238944763,-0.00141321286182797,-0.130150467207713,-2.02557672660896
4875,16.7119678336633,52.3732604361997,6.84655487012219,0.0253387090309189,-0.506318597657717,-1.38929930756214,0.000595877249501168,-0.137431126304128,0.164083287140357,-0.00109063380327554,-0.135184102681151,-2.0897082641419
4876,16.7149041775197,52.3733172704816,6.82422839670869,0.0398583411998814,-0.497254415238604,-1.38159899471608,0.000595291285183694,-0.138594275308767,0.167453215786814,-0.00112052536367002,-0.137215890688296,-2.08811090693257
4877,16.7178405313045,52.3733740322226,6.80197803001556,0.0546241469583038,-0.490068880558354,-1.37063371933811,0.000595160994516591,-0.139762052436576,0.170215037414728,-0.00115213681233012,-0.138743029918231,-2.08524526937936
4880,16.7266496509266,52.3735438797511,6.74235451219283,0.0997095924996358,-0.480675734596751,-1.31974074569703,0.000597924765317517,-0.143188466573992,0.173289817531452,-0.00125025266451409,-0.14019291028724,-2.07083387614216
4942,16.7412399774513,52.3756227182915,6.75620285133846,0.175374726680907,-0.493894793277406,-1.22326510401367,0.000599457515820544,-0.149426836798378,0.154110068818931,-0.00135958363944552,-0.131087785675355,-2.06909440618415
4943,16.7441765375793,52.3756788276753,6.79897474737004,0.192491569584963,-0.499471719204003,-1.1971212645825,0.00060172817359419,-0.150851085620609,0.135865521209082,-0.00137815414934098,-0.125813767444228,-2.06728847035163
4944,16.7471131073348,52.3757348640971,6.85181208488177,0.210149513367355,-0.508793067172995,-1.16946537936267,0.000605217809748287,-0.152316898604285,0.114216246837574,-0.00139523661450525,-0.120665708831268,-2.0650899954677
4998,16.7294016136258,52.3771947556468,6.76135611333666,0.108942881822824,-0.490274732598763,-1.32887603410282,0.000582658504272922,-0.144721395788526,0.186924575464467,-0.00124050553150934,-0.143832335903156,-2.10612465987595
5000,16.7352749044682,52.3773074918418,6.72880689010515,0.139319827096816,-0.494694929740305,-1.28550300250556,0.000589632512305011,-0.146996968153002,0.186569611732311,-0.00129768553731544,-0.136892865538293,-2.09661086350093
5001,16.7382115640287,52.3773637501915,6.72288574374363,0.154553042307313,-0.497662256419325,-1.26362068103422,0.00059283432870974,-0.148159380744032,0.183188530173032,-0.00132131045745448,-0.13302596945217,-2.0924446829041
5002,16.7411482339303,52.3774199359029,6.7259571051693,0.16990050156414,-0.502090024479827,-1.24076550482176,0.000596228724139794,-0.149336869564235,0.176881714896241,-0.00134260301961533,-0.128818561830272,-2.08832274888675
5003,16.7440849126406,52.377476048601,6.76175052483302,0.18639049914432,-0.503995586113213,-1.21806396717846,0.000597001794012494,-0.150817376869267,0.162158324029826,-0.00135968666037425,-0.122805894724522,-2.08857298400824
5004,16.7470216020994,52.3775320883675,6.82258881009375,0.204218313931435,-0.509291928589796,-1.19274036508956,0.00059813665244942,-0.152489222375396,0.139948980845704,-0.00137600003989985,-0.116403384300256,-2.0898179782439
5005,16.7499582999204,52.3775880551869,6.91356679027706,0.223630578518396,-0.517804249202037,-1.16476586485922,0.000599332686113917,-0.154433063218096,0.109178186720214,-0.00139102391395837,-0.109541939361606,-2.09302572646448
5006,16.7528950082039,52.3776439491063,7.02691373513665,0.244130564782136,-0.530275417703457,-1.1345930477332,0.000601171784060051,-0.156578614202154,0.0719532420831719,-0.00140463369508553,-0.102588500171066,-2.09719704935731
5061,16.7351829127731,52.3791047009471,6.75130069296574,0.134776606523868,-0.495955792460045,-1.30273459179344,0.000581167022292349,-0.147221329185493,0.194435618304035,-0.00127326825683249,-0.133251764018659,-2.12109399685744
5062,16.7381196921925,52.3791609632299,6.73908458506969,0.150041956901042,-0.499306158569176,-1.28134427170301,0.000584971971418782,-0.148408038426566,0.193370779758993,-0.00129818353651151,-0.128818279770883,-2.11711889485252
5063,16.7410564801376,52.3792171524033,6.73448326377888,0.1653684173505,-0.503734427136251,-1.2594985310729,0.000588657374724147,-0.149616110613127,0.189904187645375,-0.00132062148668652,-0.124317516441437,-2.11328525472027
5064,16.7439932787791,52.3792732688922,6.73526124964269,0.180722331328209,-0.51098452475108,-1.23643128476429,0.000593220190123644,-0.150795036728264,0.184183732380478,-0.00134148620239719,-0.120083402580065,-2.10838826057011
5065,16.7469300865863,52.379329311991,6.77588117729294,0.19761274832436,-0.5146806329779,-1.21411011506533,0.000594130342360992,-0.152406770771896,0.168841405917146,-0.00135775109583075,-0.113515328282581,-2.10976491007295
5066,16.7498669039528,52.3793852826593,6.84261769836041,0.21578882964987,-0.522500077995822,-1.18925540614316,0.000595712420415291,-0.154223642440718,0.145711718720627,-0.00137321799747661,-0.106926593940472,-2.11194080292216
5127,16.7439016348798,52.3810704882537,6.74258682816799,0.176039968898269,-0.513016819721386,-1.25533152461549,0.000585788996882608,-0.151119249337781,0.197864571368932,-0.00131968226903706,-0.115242451976243,-2.13334370256587
5128,16.7468385615919,52.381126535302,6.75193451130849,0.191825884556348,-0.520189304364578,-1.23340466559797,0.000589543089562945,-0.152474783812405,0.190767778528168,-0.00133847714647675,-0.110090448151468,-2.13062172703883
5191,16.7438099811528,52.3828677072986,6.75858203759242,0.171304606632962,-0.514895221752937,-1.27385665040019,0.000577879828610954,-0.151490372068321,0.209093001274805,-0.0012961633281672,-0.109966294213564,-2.15888918095027
5257,16.7437183177233,52.3846649253314,6.78020412791102,0.166216933500717,-0.517264590919687,-1.29179589225786,0.000569880387252801,-0.151851264784878,0.218551019075758,-0.00127116637063282,-0.104554002001116,-2.18437283151286
5337,16.7818120882064,52.3871852055144,7.28868495361519,0.38797016785518,-0.839096488371794,-1.06308909665449,0.000633678453757489,-0.181695507786682,0.0677414141437112,-0.00138487942561394,-0.0328172150006338,-2.17901917970369
5341,16.7935617794158,52.3874052058769,7.43562704706255,0.461544545974519,-1.02289945785932,-0.999317394978185,0.00067779775861547,-0.193134628767663,0.0229695261404146,-0.00135561529620756,-0.0200102470361685,-2.15500261700436
5403,16.7787844358274,52.388927282979,7.12420160157842,0.359352923783007,-0.801942003883518,-1.10767610358674,0.000626811721215134,-0.178557527694983,0.136113156991339,-0.00136716441774026,-0.0309529488004188,-2.20689732539574
5404,16.781721954532,52.3889824690486,7.15316478790214,0.377325492364186,-0.845797722500734,-1.093267839358,0.000634495241931349,-0.181557377288944,0.127695205084166,-0.00136627393473282,-0.0275123236982466,-2.19914426172841
5405,16.7846594816313,52.3890375822188,7.20661259163614,0.397781695266186,-0.897201314333756,-1.07780936206985,0.000642232220970221,-0.185424057252598,0.115205613004296,-0.00136197283370937,-0.0223356051934047,-2.19476152265759
5406,16.7875970190043,52.3890926223177,7.2700223669857,0.419207631688341,-0.952536682499385,-1.06145755427719,0.000651848806595509,-0.189613187968582,0.101143261329803,-0.00135433607845131,-0.0162996667164919,-2.19242834697695
5408,16.7934721219818,52.3892024839495,7.29222782808597,0.452669008458955,-1.04077360105536,-1.03364657887434,0.000678436324017873,-0.19448393868144,0.0923394333019232,-0.00133891665865812,-0.0110218042787693,-2.17776598164346
5410,16.7993472631199,52.3893120535838,7.19635624633793,0.476548146243882,-1.10195349303365,-1.01267130995635,0.000705536518723501,-0.195446757292198,0.105245731903388,-0.00132498345006182,-0.0143794807086408,-2.15096803013626
5412,16.8052202747586,52.3894225925818,7.05444017144293,0.497209837243329,-1.15311493346746,-0.995758637833017,0.000730819495579044,-0.194713793959235,0.125481900783036,-0.00130709089538894,-0.0223627662856671,-2.11822267849016
5459,16.7405057577592,52.3900004378818,6.89167214919496,0.127163471798944,-0.526055829657409,-1.34962279652475,0.000544083253129032,-0.150411212969187,0.229804336483943,-0.00116103342519502,-0.0983535399817583,-2.25232814633478
5469,16.7698813182598,52.3905585355669,6.94484724889526,0.302025817005621,-0.699735938576225,-1.17448750433366,0.000604771753988279,-0.170971186979051,0.206767218268308,-0.00133527563340288,-0.0371312302501963,-2.24318561083089
5470,16.7728189269365,52.3906139439845,6.96996747930461,0.317974469940253,-0.733046739394091,-1.15910992770186,0.000613906075820056,-0.173235587925891,0.19831088734454,-0.00134140048899101,-0.0336530769090331,-2.23767162113188
5473,16.7816318102835,52.3907797318512,7.03401213747509,0.368578273960321,-0.852445882618582,-1.11968984394207,0.000634869422224807,-0.181605972522346,0.181695227023859,-0.00134678479085429,-0.0217520223849732,-2.21909624729221
5474,16.7845694578366,52.3908348486829,7.06914284177151,0.387943802905802,-0.902929038655159,-1.10622735150726,0.000642859863821801,-0.185303127678236,0.174859915183738,-0.00134312738702108,-0.0166881632709135,-2.21412113865836
5475,16.7875071133561,52.3908898922526,7.11193216233414,0.408316770026271,-0.957794692649756,-1.09207094380741,0.000652756071478661,-0.189365067532745,0.167109549306446,-0.00133635955104033,-0.0108300917289199,-2.2106246594999
5479,16.7992578340033,52.3911093371356,7.06847805890345,0.470116421112635,-1.121395748456,-1.04396934324476,0.000706504282894538,-0.197300650737851,0.170155748957121,-0.00130922867043767,-0.00421846643560286,-2.17408465374365
5494,16.6405402947722,52.3898454280711,7.13244910096478,-0.0346667367297411,-0.832291685627773,-1.20486670967935,0.000416791176518782,-0.120985692761399,0.21227440801984,-0.000167518326257027,-0.0659604266711398,-2.45160578564816
5538,16.7697906888224,52.3923557835025,6.85513121422616,0.295411844695348,-0.704143032512746,-1.19542188299126,0.000601621178453846,-0.171124065660897,0.24880229383276,-0.00131389323486727,-0.0315596229307005,-2.26055736538808
5539,16.7727284160884,52.392411195808,6.89130702838338,0.312483704987539,-0.739503627317603,-1.18033512045904,0.000610111722225873,-0.173817154221986,0.23960033191582,-0.00131984707094362,-0.0266115741480633,-2.25851991934621
5542,16.7815416574504,52.3925769941984,6.92476081724578,0.360840880027375,-0.858002810083974,-1.14287830847648,0.000635594583224555,-0.18162324248934,0.230889495677921,-0.00132671020755237,-0.0162101045885521,-2.23774987194611
5543,16.7844794234838,52.3926321141898,6.94727512323311,0.379526662382084,-0.907841397420029,-1.1310240432214,0.000643439918861288,-0.185243474736269,0.228355712194841,-0.00132346494547489,-0.0109841796432164,-2.23294342346321
5544,16.7874171990788,52.3926871614416,6.98331186928533,0.40013750552901,-0.964518993681054,-1.11837543477528,0.000652532642178086,-0.189596927075806,0.224668760685734,-0.00131665147067123,-0.00402398068845855,-2.23087759395548
5545,16.7903549838769,52.3927421359836,7.01158907005879,0.420029944499472,-1.01974051320845,-1.10533017976022,0.000664533495416536,-0.193603952921084,0.22183411797921,-0.00130845862960621,0.00239892972246025,-2.22800914218033
5547,16.7962305825693,52.3928518655956,6.99039760082826,0.451595854575466,-1.10482863648564,-1.08202714475177,0.000692908581808885,-0.198102296494712,0.225330563638238,-0.00129674276897654,0.00706911820289235,-2.21058190112262
5589,16.7197581209458,52.3931998012421,7.06056170479712,0.0206837773757442,-0.554366683990935,-1.39344050294074,0.000493475934457057,-0.138944512967768,0.205067691370157,-0.000900467876860211,-0.138421181954619,-2.29339000756875
5606,16.7697000491273,52.3941530307925,6.77372805975324,0.288939501769104,-0.708835868878005,-1.2140975345465,0.000598891670244781,-0.171214225967536,0.286967239218288,-0.00129154206180795,-0.0263657676104003,-2.27641761136101
5609,16.7785136187434,52.3943190588473,6.84451289933986,0.340285843831563,-0.824821274713237,-1.17474904855666,0.000624202264937535,-0.179901697559261,0.273979973493677,-0.00130353169092917,-0.0108842733715591,-2.2689322843338
5610,16.7814514952286,52.3943742555447,6.85344299436906,0.357310841072621,-0.869871941470727,-1.16386103598506,0.000631892064119094,-0.183045767390133,0.274423877541587,-0.00130327170153061,-0.00625415387932549,-2.26337591932725
5611,16.7843893796491,52.3944293791186,6.84731103801391,0.373144869969718,-0.914193064820992,-1.15270228198796,0.00064304303009198,-0.185619173377433,0.275842887422595,-0.00130241474528503,-0.00410909402494042,-2.25318259949631
5612,16.7873272748362,52.3944844303456,6.86465496148753,0.392492570549834,-0.968695301243898,-1.1415610270642,0.000652756881633784,-0.189613324194671,0.276774528272284,-0.00129659706502558,0.00207006756326678,-2.24961529167263
5614,16.7932030921892,52.3945943128874,6.88799307418742,0.430400110189197,-1.07488613879417,-1.11822807251662,0.000678241007035424,-0.197047961431684,0.279564956595554,-0.00128192630289825,0.013962092051699,-2.24195006250295
5616,16.7990789479789,52.3947039037859,6.81854374501404,0.457680322828327,-1.1471423954121,-1.09833408598234,0.000708250325721568,-0.199615620859817,0.28907090656206,-0.00127497433869467,0.0128475865340789,-2.21575267941023
5658,16.7226032485921,52.3950536461297,7.08085696124078,0.023531860755444,-0.55368724444488,-1.39567365354928,0.000489278441258706,-0.139863437912106,0.20854692900812,-0.000891172436133014,-0.128291954619712,-2.31070525204905
5659,16.7255410605788,52.3951102325252,7.08013651359181,0.0301651624807597,-0.546436262759556,-1.40194072345741,0.000494987806411128,-0.141166026644146,0.208765451239426,-0.000913232340567061,-0.121958480484395,-2.30821796870248
5665,16.743168136042,52.3954482206721,6.98234882285078,0.117219761912075,-0.549946194975632,-1.37019908694989,0.000526500951331166,-0.151927837474788,0.242434148114995,-0.00108614024996614,-0.0790500952873145,-2.31563534458508
5667,16.7490439048926,52.3955602995982,6.92192615271506,0.158495388298981,-0.567262963093086,-1.34692867578224,0.000536139262166557,-0.156774333149718,0.265294349955147,-0.001140254607364,-0.0599324933829166,-2.32510209959037
5669,16.7549197129275,52.3956720867918,6.85151920271039,0.197094270701847,-0.597061618501307,-1.31472785182294,0.000550118788141769,-0.161181500681483,0.285537038417,-0.00119024605535656,-0.0456020315614012,-2.32146334025265
5673,16.7666714438894,52.3958947851185,6.74294369785889,0.270114460237405,-0.688056922176621,-1.24888319665357,0.000580820799756548,-0.170492085598352,0.318644918778529,-0.00125215464537828,-0.0194335780912951,-2.30997764821814
5674,16.7696094003357,52.3959502773212,6.7341974892463,0.286141677271825,-0.71869935011518,-1.23248506109766,0.000591871481493561,-0.172565959086638,0.319391867934893,-0.00126372920642764,-0.0161603976394957,-2.30243611302853
5676,16.7754853426098,52.396061042737,6.75665396254556,0.319519468230617,-0.792107024142496,-1.20434785794714,0.00061250255488153,-0.17780475103302,0.315127545462275,-0.0012768556029886,-0.00745706798396384,-2.2938445648166
5677,16.7784233279412,52.3961163162209,6.76109702374197,0.33512587893301,-0.831781364707325,-1.19224763776218,0.00062349602452301,-0.18029906723199,0.314130449074245,-0.00128053130695432,-0.00446579710369122,-2.28666994969615
5678,16.7813613227439,52.3961715164476,6.76600586414986,0.351853634688382,-0.876342480327857,-1.18194918683752,0.000632105520203222,-0.18339573036112,0.316083554063507,-0.00128067558447503,0.000179608618623206,-2.28169710341581
5679,16.7842993270051,52.3962266437185,6.76996199934513,0.369556038524735,-0.925484234788343,-1.17206673300765,0.000640647628534885,-0.186891471954,0.31975561728532,-0.00127802532473403,0.00552080854407677,-2.27710948530694
5683,16.7960514389345,52.3964464232467,6.75696185150025,0.440082545489783,-1.12338659836736,-1.13014837078929,0.000692431240790103,-0.199854482448671,0.335936496205903,-0.00125770824605065,0.02391495835748,-2.25333668055441
5684,16.7989894910568,52.3965011857483,6.73555568236418,0.455828612841962,-1.16365138401707,-1.12000406327699,0.000705724027160473,-0.20210251356626,0.341490755592151,-0.00125404057476669,0.0267568837176952,-2.2453892255171
5685,16.8018963876429,52.3965371383139,6.70666587669848,0.470594040047818,-1.1999183434061,-1.11084035910381,0.000718239358227901,-0.203851755386009,0.347396357627577,-0.00125122018533888,0.0283048744652064,-2.23618336245625
5735,16.7518904304615,52.3974134540351,6.92565360795766,0.170184687728064,-0.591031250300027,-1.34596696146775,0.000535662246009254,-0.159430885503391,0.281017233556558,-0.00112916039639091,-0.0456460847795341,-2.34911690695174
5741,16.7695187423809,52.3977475232054,6.70221220908797,0.284193910195988,-0.732324819246983,-1.25001328572696,0.000585065147722899,-0.174203409110635,0.350616604995211,-0.00123189698055207,-0.0048760106769663,-2.32959704742564
5744,16.7783330276545,52.3979135728011,6.70119504723152,0.333728696261264,-0.846868268033312,-1.20944775966797,0.000618402825348918,-0.182092905306073,0.354065349823703,-0.00125132627822283,0.00688701093936572,-2.31219677297008
5745,16.7812711408573,52.3979687766651,6.70685370009915,0.351244987570588,-0.893886083719089,-1.19932643451117,0.000627328363075857,-0.185551037580238,0.357799796465617,-0.00125080976497494,0.0126500331406021,-2.30925842718341
5746,16.7842092644693,52.398023907796,6.69513637407874,0.366502897610935,-0.937368282233635,-1.18909392982996,0.000638909294012432,-0.188122163267097,0.361593403487618,-0.00125174891466484,0.0149827508834903,-2.29965552442491
5750,16.795961853515,52.3982437014088,6.67993613350677,0.440086119658574,-1.14143708140877,-1.14865253457514,0.000688448940251885,-0.202686885940492,0.387618525815437,-0.00123188532333574,0.0397243124442355,-2.28522309807624
5760,16.6284057237159,52.3967984881351,7.22625170396168,-0.0276611670969504,-0.981902427758278,-1.12605299430735,0.000380878274982677,-0.119483659386741,0.221108469537318,-4.60755463943252e-05,-0.0412701683887811,-2.54411088504293
5788,16.7136040164503,52.3984778016723,7.14283759040086,0.00819857011511971,-0.593621221954479,-1.36591015416082,0.000449882919629739,-0.136732486156373,0.217228855209564,-0.000757282933909337,-0.132488668669467,-2.37720678490325
5800,16.7488609104885,52.3991547404689,7.0023041937103,0.137137397445684,-0.58851357371595,-1.36926460647304,0.000524179038970722,-0.156477073587255,0.267398698676235,-0.00106515429994516,-0.0523787960212161,-2.36199889617239
5801,16.7517990476823,52.3992106776645,6.9661706496521,0.160358689393181,-0.603014306590687,-1.35867678744486,0.000529745850035492,-0.159535395190698,0.283645727850523,-0.00109058385008978,-0.040586913828335,-2.36988332807562
5812,16.7841191926749,52.3998211705448,6.6323624465798,0.366613262097999,-0.957539142805473,-1.20475394459169,0.00063508527916524,-0.190485775737232,0.404867104564037,-0.00121944231365448,0.0282805118487772,-2.32731371475882
5817,16.7985629897505,52.399974658761,6.5734820166432,0.451151575723657,-1.18238208663104,-1.15496290018931,0.000698865509198329,-0.205959907366267,0.438519881827084,-0.00121174552065939,0.052978775791729,-2.30198843466519
5870,16.7840291114675,52.4016184330698,6.56801872163624,0.366737119210793,-0.977667475622802,-1.21830708683931,0.000632597453233366,-0.192746323469102,0.447544829124716,-0.00118470986230648,0.0415111045432468,-2.35415186465502
5871,16.7869674827871,52.4016734980326,6.55590934200347,0.383614898852837,-1.02443438229895,-1.20832399114672,0.000644508088672391,-0.19605983851975,0.455791146098971,-0.00118421362554189,0.0467240302468781,-2.34967339402965
5911,16.7428011541465,52.4026370712535,7.13560633907537,0.0749671805926191,-0.590450368823888,-1.4055789581293,0.000499405128431815,-0.150654954094402,0.241839963016547,-0.00092414777959765,-0.0649827725479355,-2.38152069270848
5965,16.7456478603107,52.4044903758257,7.14922333563413,0.0818208717327877,-0.613219994727423,-1.40718706158606,0.000500096313750406,-0.152689913998897,0.251360627571342,-0.000908427400281325,-0.0529332733431005,-2.39914984954044
6289,16.774703465833,52.2953267637556,3.55230520569114,0.119154955806021,-2.66483588509698,-0.0210184965824425,0.00108271697406538,-0.105011402382943,0.233657375559872,-0.000460943048892964,0.352409648422807,-0.0150638316847562
6339,16.7657159280258,52.2987475312336,4.01507379346072,0.0637937092863581,-2.72446494562118,0.00292059799855338,0.0011326429786902,-0.107339248203835,0.267016628502262,-0.00079827746402196,0.291077351389205,-0.295911172719798
6564,16.7593794121122,52.3076071040362,4.85647665720217,0.0319805020280235,-2.11620551676435,-0.318054543775744,0.00104857490804233,-0.120238642089943,0.166419600844073,-0.00145792796204232,0.28718657198192,-0.606242938942216
6737,16.7708368874887,52.3132209227104,4.45873681683292,0.125650057262749,-2.08826165677029,-0.32913665922074,0.00104040792910042,-0.116799972842674,0.211703660155209,-0.00142600769747633,0.263149727353199,-0.550934167413288
6744,16.7913645029161,52.3136066903558,3.44715981096101,0.262055749460608,-2.35580999452091,-0.299055148490982,0.00105594959803455,-0.115171659963011,0.311160552924044,-0.00105519428284045,0.276677414101227,-0.177608733368857
6769,16.8646811536922,52.314955326863,4.36119881382069,0.3346937961267,-1.88554959078757,-0.561975496445145,0.000959664933817453,-0.154264307245644,0.00763182548191566,-0.000858664656789354,0.0576247804012269,-0.115823079223901
6773,16.8764123508601,52.315166887824,4.59417844947757,0.349904337423311,-1.85526362266368,-0.585830964622915,0.000964411632101286,-0.161442908427315,-0.0224250890801549,-0.000885358668938713,0.0343453231313191,-0.19335375746823
6806,16.7942076668661,52.3154588101889,3.4370332902281,0.284333028924671,-2.29929387790503,-0.33469908423697,0.00104400340187176,-0.11653990622618,0.309653927280571,-0.00103791445257695,0.235072102946976,-0.190360432297666
6828,16.8587288292095,52.3166464870024,4.26037582460503,0.339843938047053,-1.93035907200588,-0.566810485642405,0.000971734074800223,-0.152842410050873,0.0441831620838329,-0.000862882233280765,0.0631952131280826,-0.12194277834169
6829,16.8616617152825,52.3166996354602,4.32109903164269,0.340359233168044,-1.91251467972324,-0.56913409962989,0.000963787967353448,-0.153774399760518,0.0292227702855286,-0.000862814060344302,0.0599522627559992,-0.131521057916416
6830,16.8645946103066,52.3167527111608,4.38383385899419,0.342619630264053,-1.89713700563343,-0.572769454609966,0.000961572528382554,-0.15540888185188,0.016067900225849,-0.00086758816377952,0.0561047624165951,-0.143767127089632
6831,16.8675275151969,52.3168057141085,4.44685962579752,0.345256655233939,-1.88336481369532,-0.576858634114166,0.00096018891218775,-0.157124053862731,0.0040514831795555,-0.000873077336998929,0.0514877938941893,-0.15807796693548
6832,16.8704604281778,52.3168586443761,4.49847008305892,0.348163681401985,-1.87528126625448,-0.582358218251452,0.00095974938235719,-0.158562797118403,-0.00336862949754035,-0.000876971746082061,0.046420298042591,-0.174313241523578
6833,16.8733933508666,52.3169115012914,4.54176439659477,0.352082735768406,-1.87258800719297,-0.589565961883989,0.000961780096014837,-0.160028864040761,-0.00672016408439546,-0.000881420774956787,0.0408470350767232,-0.192706422665424
6834,16.8763262829964,52.3169642861044,4.59220277170084,0.357233243700733,-1.86989814582719,-0.597269873547491,0.000965176160241492,-0.161906524005826,-0.010461301671576,-0.000888859014999854,0.0343689425563127,-0.214112109647886
6835,16.8792592229763,52.317016997866,4.63030869712225,0.362879858602582,-1.87297609912885,-0.606465812515033,0.000969377202873954,-0.163535707209682,-0.00983621143605617,-0.000895361028479202,0.0278793698109041,-0.236323417214749
6888,16.8557090438889,52.3183906393357,4.21995274464189,0.346286552203985,-1.95622076086779,-0.573598312002673,0.000977383687935901,-0.152525025660163,0.0676930820490256,-0.000868440395792647,0.064214867317709,-0.141833522581464
6890,16.8615750446646,52.318497016182,4.34058158375274,0.347573931576036,-1.92239986768386,-0.578727540806793,0.000964138129867009,-0.154632614295215,0.0375913968608401,-0.000869535084228296,0.0582672863326579,-0.158676672840556
6893,16.8703738462725,52.3186558620661,4.51059860728401,0.355182828214055,-1.88592626353194,-0.591846834122942,0.000959381325052383,-0.159216692051221,0.00542698131709685,-0.000881613442744872,0.0453756841111712,-0.198076232459812
6894,16.8733229058699,52.3184463309154,4.55072463545594,0.35817710454964,-1.88151140272972,-0.597767579480068,0.000961618953274623,-0.160604375301478,0.000830839538387806,-0.000885257812152429,0.0401750916869403,-0.212187525714285
6895,16.8763086582915,52.3186950418812,4.59809332908935,0.364151651436131,-1.88010884167608,-0.606804695866266,0.000965100962267318,-0.162500984561671,-0.00133217068420421,-0.000892458810240609,0.0338238977525478,-0.234795553089157
6953,16.8698975340704,52.320318895827,4.51620595192935,0.3609633950431,-1.89490766408123,-0.598817722976889,0.00095874192468768,-0.1596099195629,0.013590594775863,-0.00088504303233794,0.0448697429404277,-0.217290018837957
6954,16.877365668904,52.3197559849963,4.60432900590945,0.369786380443344,-1.88917395515025,-0.615807083635096,0.000966534734545339,-0.163107364013005,0.00646007504315804,-0.000894665171630032,0.0316932618989156,-0.252939503767379
6955,16.8779442700631,52.3197985982096,4.62113208140249,0.371308291032719,-1.88630741917169,-0.617166589553436,0.00096703017139986,-0.163728120913035,0.00409516629359885,-0.000897529937924552,0.0300508082510405,-0.258169997399136
6956,16.8832577023316,52.3198851769194,4.61230998937094,0.381214799096966,-1.91645140822408,-0.639425542344632,0.000979432769512886,-0.165049492770216,0.0243484203482183,-0.000901054169428428,0.0214012523571512,-0.28684359952581
6979,16.7734084377449,52.3204653518189,4.73589458065828,0.176515886071897,-1.72523056085226,-0.433103682815602,0.000996018887212582,-0.117398711734993,0.15818557226266,-0.00157429222060237,0.171230879809912,-0.738138309526676
7006,16.8526019768078,52.3219320802313,4.18124074850334,0.362901006236171,-1.98273556159027,-0.589473578241765,0.000987671854861816,-0.153453748783917,0.104328469854195,-0.000882063126269289,0.061976908970081,-0.190955267459003
7008,16.8584684341232,52.3220386160785,4.30730037940566,0.364378103158671,-1.95282127865853,-0.595821976042546,0.000977449327444688,-0.156010880245576,0.0724899846706322,-0.000884734185290004,0.05650356517517,-0.204637688389766
7011,16.8672681876846,52.3221978737124,4.49367291701105,0.366691664147965,-1.90827830926682,-0.603038975032539,0.000960603877232652,-0.159560960119197,0.0275747040772814,-0.000889366394994567,0.0463039494697099,-0.230981774312681
7012,16.8690687075093,52.3219384216777,4.52526245391687,0.367211463742677,-1.90037313944097,-0.604479624302598,0.000959568675808542,-0.160364547254648,0.0200325089009752,-0.000890877733964068,0.0439130501503229,-0.235125423875843
7042,16.8085158915618,52.3229210974759,3.41677869157843,0.372794314339949,-2.10726097326663,-0.446926466800622,0.00101217613204037,-0.123929426897153,0.307929422786536,-0.000977719395694632,-0.069133808853298,-0.248902846953797
7046,16.8202487633827,52.3231382591114,3.56157980898934,0.368695866594273,-2.09803034920731,-0.513241052687396,0.00101319744143932,-0.134431157813832,0.273357002250464,-0.000905534164431621,-0.00730952020159492,-0.209460787355511
7055,16.8466482658222,52.3236226145338,4.05269094814707,0.370917407676686,-2.00870751858893,-0.589181371296309,0.000997323831922275,-0.151368846431035,0.149092846502732,-0.00088401371834293,0.0611232722120363,-0.208097334313152
7057,16.8525149234877,52.3237294485401,4.18324797225455,0.371896595038173,-1.98226421599126,-0.597807750139468,0.000988805327904713,-0.154273037247346,0.115615672368769,-0.000886707791244085,0.0586147614608521,-0.217843959894935
7059,16.8583816171791,52.3238359910757,4.30856729264906,0.374579613622586,-1.95475623643242,-0.605481964008856,0.0009818124886984,-0.157325241178523,0.0849653635724366,-0.000891627855723859,0.052625823136708,-0.231414125454421
7060,16.8613149784719,52.3238891532367,4.37770824280915,0.373927978847149,-1.94081285468427,-0.607212979861572,0.000974276913654329,-0.158302681061022,0.0670988330923379,-0.000891900060755235,0.050035938543985,-0.238310021534517
7062,16.8671007463332,52.3239703929605,4.5046727461322,0.375667645815881,-1.91256615283137,-0.611924566140978,0.000964186874349571,-0.160887066876871,0.0366884713743723,-0.000896427828257218,0.0429008912782294,-0.255473782698914
7093,16.8201603937773,52.3249355884846,3.54742326657561,0.383876586406622,-2.06533664098598,-0.513828525648668,0.00100814883540278,-0.133328861132048,0.282264476892664,-0.000910784227172223,-0.0171552984589312,-0.246731430241425
7094,16.8230937543073,52.3249897002337,3.58776307037817,0.383143546854619,-2.06271545085031,-0.526265386011308,0.00100860606864109,-0.135725035280927,0.272656459871818,-0.000901259198401033,-0.00133330827618749,-0.239629602555738
7140,16.8230054946416,52.326787032815,3.58169462157639,0.397795875160661,-2.02797684068204,-0.527368048709013,0.00100232150936745,-0.134649493922655,0.279472980062607,-0.000905159313463411,-0.0131165575082974,-0.277814780912195
7147,16.8435401026934,52.3271638020639,3.98454303507526,0.388702684372994,-1.99601920680315,-0.59441200996871,0.00099378941913067,-0.149885321049421,0.184453759299082,-0.000884262859524282,0.0446718098208052,-0.26107277932374
7160,16.7466467567032,52.3271536140126,6.57613984522652,0.0901353855918572,-0.835173122677855,-0.74340468067625,0.000865621810930313,-0.134041451569249,-0.126051316497616,-0.00163755423257257,0.189731163227875,-1.37275865974664
7184,16.8170500401636,52.3284760538041,3.5054418785619,0.420858376878861,-1.96969976963108,-0.49604229409525,0.000992128345733811,-0.127285214273622,0.297499996628282,-0.000937216204076635,-0.0620323540982284,-0.344369125722778
7185,16.8199836287506,52.3285302457713,3.53020824352564,0.418078383885756,-1.9799791342673,-0.510937716292672,0.000994672382497411,-0.130166350960524,0.293069866572715,-0.000921524756263281,-0.0406081013272797,-0.329272029773847
7186,16.8229172257498,52.3285843644379,3.56431580104299,0.415418873675939,-1.98711422612592,-0.525185423515353,0.000996670988630488,-0.133012687002445,0.286567788346609,-0.0009093768730698,-0.0216541478477765,-0.317283250611922
7206,16.7465553926557,52.3289508531005,6.63484088665894,0.106125518596713,-0.773404069165114,-0.755667159904743,0.000851433952052012,-0.134786559352379,-0.139412378423142,-0.00161254749766707,0.184974412215271,-1.4100135309842
7212,16.7641564125544,52.3292854151468,5.94115748403874,0.164688940926531,-1.03276926610603,-0.648640384596346,0.000896574003134448,-0.128505895418207,-0.0447851383267395,-0.00177260170918683,0.108268953103266,-1.17532363720943
7218,16.7817577768943,52.329617356888,4.7550908238419,0.31563653986894,-1.4240883376362,-0.508401686459542,0.000942624770452122,-0.117842706375414,0.118065663425856,-0.00157986227210724,-0.111974968672619,-0.862804528828292
7228,16.8110941403462,52.3301647691397,3.53152467027417,0.444560479572921,-1.87036083764491,-0.467741232754797,0.000974781831693583,-0.120033042839038,0.291998059776276,-0.000991217961332586,-0.133046993149911,-0.440513189785861
7229,16.8140278280381,52.3302191097699,3.52872524720328,0.440367110510756,-1.89331322996279,-0.482919393988987,0.000977996366625308,-0.122934725856952,0.293694825213969,-0.00096459835373458,-0.108083930433359,-0.415011227007881
7230,16.8169615247745,52.3302733776993,3.5278166256893,0.438026246882742,-1.91190632751223,-0.49584908766787,0.000981901300513371,-0.125584837607271,0.294466114432517,-0.000943667605277115,-0.0819928821100788,-0.393441511053197
7231,16.8198952321498,52.330327572962,3.53813001793185,0.43562167167584,-1.9272754264374,-0.509111003110236,0.000985704771904766,-0.128330577471445,0.293139648917567,-0.000926707974688329,-0.0568779048264645,-0.37517477214783
7236,16.8345639038316,52.3305974567023,3.78677175452412,0.415878143479993,-1.96302685318524,-0.576272143838571,0.000988771981892372,-0.142824928441845,0.245046984090202,-0.000887306488578127,0.00937270785859567,-0.327109854874493
7237,16.8374976661862,52.3306512149542,3.83807064165308,0.41461709470282,-1.96293254547959,-0.585601226237335,0.000989178969547796,-0.145145716600958,0.233508539475281,-0.000885309803394602,0.0197736537834743,-0.322927733729216
7252,16.7464640183296,52.3307480908763,6.72381540625429,0.117487462015731,-0.714976124008967,-0.769915967288531,0.000839688802253491,-0.135785610044354,-0.154392424783812,-0.00160549792063075,0.175904764087328,-1.4552172305398
7255,16.7552648412927,52.3309157104764,6.42050552230444,0.142678495566678,-0.819501867122295,-0.723017849139429,0.000854438921002357,-0.133359478555176,-0.118449389918141,-0.00168488756223037,0.149550871001638,-1.34075770270772
7274,16.8110053779395,52.33196208523,3.57995758190418,0.46346126239537,-1.79702919769231,-0.470042757089248,0.000962482851121979,-0.118551518019125,0.281974746466062,-0.00100278770032503,-0.15502662845563,-0.496513746792175
7275,16.8139391844469,52.3320164293277,3.56469835352527,0.4591790114129,-1.82486352949196,-0.483192789915129,0.000966332444075735,-0.121225437560751,0.286300455190435,-0.000974148814490788,-0.12932587777577,-0.468402716268997
7276,16.8168730003751,52.3320707012572,3.57310994928241,0.452726132299517,-1.85074894027952,-0.499497503699936,0.000969645411136297,-0.124426512617854,0.287186258088347,-0.000950446675522493,-0.106176988065002,-0.443820479523538
7277,16.8198068253453,52.3321248996421,3.56166272841722,0.452286538277349,-1.8697284197712,-0.508620088193098,0.000975082709894021,-0.126625588299509,0.289493443887871,-0.000932183090942534,-0.0770283696037097,-0.423261685628518
7278,16.8227406607014,52.3321790254664,3.59228684487425,0.446285961752437,-1.88892642762944,-0.524741423572399,0.000977955682156695,-0.129942021313331,0.285867234291601,-0.000917053541014401,-0.057052508778888,-0.405581685816742
7281,16.8315422201859,52.3323409663884,3.72705994648175,0.432619151508355,-1.92416330319062,-0.565783970303164,0.000982369173000791,-0.139112295497805,0.26223017528531,-0.000891763394235912,-0.0116951854326786,-0.369785686855721
7282,16.834476091109,52.3323948009165,3.77825538154025,0.42976801225511,-1.92985289461607,-0.576823813324562,0.000983120226428644,-0.141789922335617,0.251664066361343,-0.000887858086161042,0.000285028177643198,-0.362201173491371
7294,16.7375715419268,52.3323770427641,6.95780461254526,0.103935365069514,-0.611717012362153,-0.835995758783926,0.000818721987165122,-0.137434952406829,-0.167597183395376,-0.00151120861985699,0.172416801035336,-1.58361660125161
7296,16.7434389276472,52.3324893060253,6.83476151508523,0.12307844533656,-0.645215955971047,-0.796760161420522,0.000823481012957157,-0.136852282058422,-0.166506766659817,-0.00155589292544625,0.173122083823861,-1.51960758195685
7319,16.8109166058637,52.3337594008236,3.62511768927391,0.48483502610722,-1.71888835510716,-0.469743817249842,0.000949951356084694,-0.116799089988676,0.271169309847018,-0.0010173864258832,-0.175287513391147,-0.554040410100583
7320,16.8138505316032,52.3338137487463,3.61083402677764,0.47765835747208,-1.75302573960681,-0.484814418704643,0.000953429315915355,-0.119782256890308,0.276571450583432,-0.000985410657367902,-0.150758474055692,-0.522411268806422
7321,16.8167844667252,52.3338680235738,3.61489765019019,0.469580672253066,-1.78450918089959,-0.501324257444889,0.000956917440954191,-0.123072166228525,0.279152643253987,-0.000959584755107712,-0.127864711071695,-0.494908028359646
7322,16.81971840998,52.3339222258735,3.58855454053707,0.470094310669964,-1.80704439775366,-0.507513206649625,0.000963530735856852,-0.124838193090966,0.283996096289236,-0.000939230032765637,-0.097153384282521,-0.472632749283662
7325,16.8285202980698,52.3340843955045,3.67433304482097,0.45300012781351,-1.86818818937719,-0.550960761365348,0.000973920981529305,-0.134403270555753,0.274147609396572,-0.000899378223420538,-0.0360933751362609,-0.420527922802989
7326,16.831454279624,52.3341383063735,3.72647008872752,0.44731345143709,-1.88199842389196,-0.5648429260727,0.000974922736001665,-0.13763981899489,0.265307313139715,-0.000892909130149139,-0.0237188913725603,-0.408644049668624
7327,16.8343882699426,52.3341921444642,3.774348762258,0.443798758024649,-1.89196627794354,-0.576463894059394,0.0009764210330412,-0.140498115321794,0.256167716049482,-0.000888196478794095,-0.0101716757391159,-0.398962008643025
7328,16.8370822610503,52.3340516886938,3.83557209415221,0.437537936426928,-1.9030979615313,-0.587174327000783,0.000976124534886727,-0.143310952041395,0.243567069985765,-0.000886232864240444,-0.00373323388522806,-0.388189917322279
7329,16.8405782012778,52.3337564317464,3.90047752592477,0.432159200257558,-1.91458735861013,-0.598160542812348,0.00097792564338918,-0.146455663493127,0.228765236910242,-0.000884380779263089,0.00951835968881198,-0.374755420160909
7369,16.8284322299217,52.3358817316823,3.70088001653494,0.465992449583212,-1.81840541062211,-0.551792338802571,0.000962636817088983,-0.133133055852735,0.271036791536098,-0.000903411860712883,-0.0570687014489479,-0.463297878039384
7370,16.8313663297325,52.3359356458773,3.72935755912545,0.462523324291951,-1.83507512306569,-0.562985947157181,0.00096669506488721,-0.135924868406155,0.26648534622192,-0.000894369237016246,-0.0362621348635557,-0.449132991069064
7371,16.8343004390979,52.3359894874698,3.77862655860076,0.457337570459025,-1.85000372813657,-0.575715423758188,0.000968339312292524,-0.139066079887771,0.258101139213537,-0.000888996709846296,-0.0232125890121324,-0.437228133144458
7372,16.8363049063508,52.3361718516297,3.82251314257303,0.45416274656931,-1.85556163929392,-0.584401828697727,0.000967455101899564,-0.141160965502534,0.250317836558132,-0.000887234841352919,-0.0194007688808426,-0.433294876754189
7397,16.7931342539117,52.3370263721235,4.54698928577682,0.437503418722933,-1.32144362263732,-0.543900631360462,0.000879161747639676,-0.122192353029829,0.108212249321369,-0.00133095529183463,-0.263330477797439,-0.828871046409517
7398,16.7960683614173,52.3370811638394,4.40728962974629,0.451273154191355,-1.36793336417829,-0.534391921002121,0.000884434319475561,-0.121377235604011,0.131292354767634,-0.00127464033000227,-0.26120967869538,-0.794128744628097
7401,16.8048707375907,52.3372451019034,4.01543231829282,0.49088239239088,-1.49711043177155,-0.504420359429508,0.000905400598769923,-0.118253046076429,0.200623851200703,-0.00112957082703158,-0.242267639930951,-0.711302490352409
7402,16.8078048810631,52.3372996025848,3.88082438960441,0.506326650193152,-1.53486412825324,-0.490679336842851,0.000914277214421916,-0.116520968600709,0.224079363149485,-0.00108797287755028,-0.231148783349745,-0.689261731963143
7404,16.8136731982238,52.337408385033,3.73992425893641,0.508936293249256,-1.61005924669557,-0.495533174168653,0.000924853520958391,-0.118448827809881,0.251916705246536,-0.00101337247804653,-0.190529499526448,-0.627982562627267
7411,16.8342125991097,52.3377868296759,3.80389926918349,0.468360170287525,-1.80601656873797,-0.576867043023331,0.000957151399636424,-0.138005588981995,0.256024015954083,-0.000892587385803306,-0.0438236938570427,-0.476508417266132
7412,16.8370416927243,52.3378948127587,3.85065925247147,0.464027341395919,-1.81972677577363,-0.587770749616441,0.00095870888390534,-0.140848087865898,0.247754121825402,-0.000888298904093615,-0.031853019090164,-0.466213477183601
7434,16.7930447416435,52.3388236649738,4.66239239023957,0.44515667563212,-1.25148160640315,-0.558991288795678,0.00086150038867977,-0.124172783793603,0.0856156033686162,-0.00134017722468849,-0.260926139888056,-0.869326503527986
7435,16.7959789675009,52.3388784600878,4.52286850973292,0.458859495128607,-1.29669483533207,-0.549186966837103,0.000867402923602448,-0.123219126499782,0.108971412307174,-0.00128768605843907,-0.259647400988499,-0.83631979484835
7436,16.7989132022349,52.3389331824371,4.38453348580742,0.473672267139875,-1.33989304944243,-0.53744212420508,0.000875084783190622,-0.121832318596775,0.133188718513399,-0.00124069268084617,-0.258188056997099,-0.809821083674933
7439,16.8077159631486,52.3390969128825,3.99486104128118,0.513092905543104,-1.46388414045463,-0.506238983614333,0.000897813801209804,-0.118049097612769,0.203633978274098,-0.00110698366922832,-0.239811311477553,-0.735123535954358
7440,16.8106502352983,52.339151344099,3.88565325515492,0.521960970501162,-1.50233619551006,-0.499600022186665,0.000904995740870801,-0.117388251866218,0.223642338601039,-0.00106680650782995,-0.225881318762788,-0.709068199762896
7441,16.8135845165912,52.3392057023039,3.81043800812074,0.52376050175377,-1.54022632116789,-0.500747270792559,0.000910821259562516,-0.118079818876086,0.238564017307368,-0.00103027883308318,-0.206589685193087,-0.679465384493938
7466,16.7753493536527,52.3402906344516,5.83502276664092,0.328562471468388,-0.896630973791197,-0.660084434636856,0.000814207480612325,-0.133843287033114,-0.0804395401586362,-0.00169531102076537,-0.179805756789584,-1.18629225241716
7472,16.7929552206426,52.340620956686,4.77309901496881,0.452700375805328,-1.18759845515556,-0.571444033705263,0.000845240243588841,-0.126041605374536,0.0646644182200866,-0.00134862132360811,-0.257372977213947,-0.909389143367548
7473,16.7958895644275,52.3406757553872,4.63216512312795,0.46760333384627,-1.23033054306378,-0.559905308720515,0.000852609211642055,-0.124683919681241,0.0885847513009494,-0.0013024070038368,-0.258499907439287,-0.880808300820604
7474,16.7988239177071,52.3407304815418,4.50205120711269,0.478653818057857,-1.27468224255191,-0.552999408118486,0.000857625871833204,-0.124086418898035,0.111180511833105,-0.00125231645956506,-0.25515557909371,-0.847426682687114
7478,16.810561426216,52.3409486566145,4.00595700323152,0.52559362115619,-1.43786024711934,-0.517056559757338,0.000888088539228421,-0.119486094648321,0.2033980016718,-0.00108528153617404,-0.233632497937549,-0.751260425407509
7479,16.813495826765,52.3410030186697,3.91528473137112,0.530252604649633,-1.47705727973897,-0.51482623227839,0.000894935205732028,-0.11948185227558,0.221333112979416,-0.00104802554591299,-0.21885856725801,-0.724545422329015
7488,16.8399058494804,52.3414889976711,3.94822530661963,0.479548891746312,-1.75339057636443,-0.601424443300875,0.00093846023156996,-0.142081358261578,0.235564656593823,-0.000894070689952675,-0.0570710319982695,-0.527818394749033
7489,16.8424425012692,52.3417000881113,3.98494975658343,0.477081006984193,-1.76375258134976,-0.608751512682325,0.000940369182430484,-0.144186876997148,0.228596617241337,-0.000890233694864934,-0.046144323879318,-0.520885027591589
7509,16.7899312355754,52.3423633727813,5.03405052058076,0.446292301856104,-1.08333859059397,-0.589875761922853,0.000827374114701324,-0.128419483982587,0.0214352381823808,-0.0014168777804463,-0.254689445901036,-0.992539640191808
7510,16.7928656890956,52.3424182478248,4.8797669852845,0.459287752935886,-1.13020376872648,-0.582747924642418,0.000829564867549565,-0.128011640130745,0.0449798350032786,-0.00135379485267362,-0.252139450866522,-0.946484719549517
7511,16.7958001521318,52.3424730502497,4.74092353640378,0.474584359777573,-1.17045067146175,-0.570638356406418,0.000837699966858188,-0.126452006721971,0.0687152066243044,-0.00131333982180498,-0.255330773149325,-0.92097034400274
7516,16.8104726076356,52.342745969244,4.11081523667201,0.532395558800722,-1.37556789831303,-0.52875618240225,0.000873092157094316,-0.120917113107768,0.185109930820026,-0.00110430717801713,-0.239534847832047,-0.794266143018149
7520,16.8222107416353,52.3429629936196,3.88119313800883,0.527176648664103,-1.53463065571132,-0.545667885522885,0.000897507614833939,-0.125570908191165,0.238894286722996,-0.000978124864439711,-0.175283730926992,-0.684559444756701
7527,16.8423594428058,52.3431537761792,4.00056382301125,0.485447956779552,-1.73087560439336,-0.609823633516351,0.000931756749523907,-0.143480814850554,0.228267079563047,-0.00089428704839678,-0.0593589781327637,-0.54997534236611
7528,16.8443012905904,52.3424998107543,4.01848909221326,0.479132187653917,-1.75654532022352,-0.614252978026,0.000938199864119235,-0.145356029766326,0.223190679791465,-0.000889029223825416,-0.0436293508005861,-0.528869955706682
7537,16.7634308507747,52.3436634739211,6.62085173471155,0.270788608684491,-0.632765504054085,-0.738724957304876,0.000763208156035644,-0.141557639355725,-0.186607379488999,-0.00167770040260692,-0.0511086274464532,-1.44025629367968
7547,16.7927761481392,52.3442155385823,4.98763441350195,0.467216911080179,-1.07503599901158,-0.589636276788473,0.000817732505261307,-0.129363750066699,0.0264701064524502,-0.00136746068902791,-0.249797244887333,-0.991256433612421
7556,16.8191877227655,52.3447061692104,4.00199611478467,0.538776048717025,-1.44118048545245,-0.548290481150712,0.000876332282316539,-0.124905299359884,0.215644826013573,-0.0010205886065123,-0.203915273887958,-0.752318042503816
7562,16.8367958583142,52.3450299778979,3.96379611059876,0.507048392848468,-1.64140959702883,-0.595753495678712,0.000912215781312287,-0.137836626315442,0.237699585540895,-0.000914324001778127,-0.102981111354666,-0.619011163817959
7573,16.7692093338352,52.3455717308672,6.43381117241415,0.317702900236256,-0.697514468874097,-0.714331687953814,0.000752787812669548,-0.142459283984234,-0.172337242688262,-0.00170023437493977,-0.153694795956085,-1.3679441559924
7589,16.8161644665099,52.346449264199,4.15787160995205,0.545421169139935,-1.34793875913441,-0.55435393840953,0.000856018484209672,-0.125422146457992,0.185632583224304,-0.00106830219764645,-0.223399013733385,-0.817294886897344
7590,16.8190992421531,52.3465034905544,4.08920453175392,0.545883390067104,-1.38788387295542,-0.556584080901493,0.000862678444313716,-0.126041330269639,0.201502602415999,-0.00103751581639727,-0.211251409946144,-0.792417973334977
7596,16.8366393260202,52.3467857659125,4.01183676539347,0.515826812648946,-1.59658304993356,-0.600432573121347,0.000898496369458879,-0.13794006609281,0.232018315427453,-0.000926148281071931,-0.120240720231607,-0.656342028739004
7603,16.7691188235951,52.3473689919295,6.52135823816434,0.327526530373817,-0.673980550036845,-0.718724192517343,0.000737994854811519,-0.144493485926524,-0.186833377605095,-0.00169267162374115,-0.16490677921248,-1.39714399046966
7604,16.772053567792,52.3474243875397,6.36120411866796,0.346945790745206,-0.712678618104981,-0.702589365666624,0.000744180016449603,-0.143215938915357,-0.167692381747156,-0.00167501633383146,-0.1849616040207,-1.35154727686756
7796,16.8095839101133,52.3607190571072,5.24509459265994,0.564967049276767,-1.01783292076441,-0.604163132652927,0.000776324823780219,-0.138878244249371,0.0340017480399553,-0.00127956988478792,-0.238367142099861,-1.22497767921448
7797,16.8125196180381,52.360773457322,5.10132050884886,0.573647971103917,-1.05216963267507,-0.598395627599325,0.000783966017469204,-0.137378608687134,0.0594777029168174,-0.00124170932260081,-0.240109396927039,-1.19373811741866
7798,16.8154553352781,52.3608277847908,4.96165449145633,0.579800018767102,-1.08883053176346,-0.59821488849996,0.000790695675566153,-0.136555546748108,0.0854366809462981,-0.00120173481799357,-0.237552136793525,-1.15880017895347
7819,16.8065591714091,52.3624618853988,5.60514640455926,0.552381846705792,-0.952245519508345,-0.61099546694013,0.000763212887232689,-0.142348150510997,-0.0179113737721361,-0.00134997891535135,-0.228949824917322,-1.33344864754963
7820,16.809494988733,52.3625163619876,5.42680584197751,0.562456208274142,-0.993127306298796,-0.6082313906598,0.000771353674786188,-0.14090348279,0.0136643199954465,-0.00130385473022282,-0.232095223366201,-1.29207832390307
7821,16.8124308154569,52.3625707660139,5.25863412337355,0.570659351551022,-1.03428150010837,-0.608134833180301,0.000778775797293671,-0.139863227137988,0.0441937555592471,-0.00125878418461872,-0.232547278799089,-1.25050120361539
7822,16.8153666521529,52.3626250972621,5.10817221328693,0.577089817809529,-1.0723221523491,-0.60827849299441,0.00078590082462128,-0.138960703389945,0.0718217211729613,-0.00121774694580412,-0.231216867738269,-1.21244974771685
7843,16.8035341940205,52.3642046332596,6.03636054261335,0.535950822925543,-0.883244591432558,-0.62086340368797,0.000746846961897918,-0.147014570985749,-0.0809046789798256,-0.00142414630416626,-0.21027742468506,-1.45485418034832
7844,16.8064701214277,52.3642591865537,5.82836450257935,0.547770955136869,-0.925240895515827,-0.617163949944739,0.000756639884227348,-0.145040381904846,-0.0444724733472839,-0.00137519609399131,-0.217375713478035,-1.40925387437733
7845,16.8094060580445,52.3643136665698,5.61736059607574,0.558221508313693,-0.972126962293373,-0.617851345069493,0.000765481692055675,-0.143618161341703,-0.00649368179503451,-0.0013231878243182,-0.221597903569887,-1.35857895481911
7847,16.8152779588761,52.3644224085885,5.26891130959348,0.573614821190873,-1.05523570203066,-0.618828351512482,0.000781213455461019,-0.141424516513855,0.0567750878283775,-0.00123427039257321,-0.223765636596525,-1.27147355549289
7848,16.8182139240584,52.3644766700729,5.13590487222723,0.578490857272492,-1.08417110046702,-0.613036925046474,0.000789413287119872,-0.139661250193178,0.0787612182854804,-0.0011991195747407,-0.224877164662828,-1.23926630771643
7849,16.8211498980772,52.3645308589203,4.99345515064385,0.581955357107695,-1.12393931211976,-0.618655019204617,0.000795994283057475,-0.139518273364938,0.106301462630512,-0.00116039517968625,-0.219406856523221,-1.19796253192146
7850,16.8240858808506,52.3645849745672,4.87569815714994,0.58326966263629,-1.15593295882741,-0.620036116566979,0.000803348110351917,-0.138865790330366,0.127692610137501,-0.00112682083733112,-0.214105645700627,-1.16316610882529
7851,16.8270218742046,52.3646390175035,4.77300013309912,0.582366609920953,-1.18509953219174,-0.620951963148169,0.000811027347050103,-0.138204218132406,0.14569359515313,-0.00109579017132311,-0.207145386432174,-1.12988082769164
7852,16.8299578752693,52.3646929876553,4.67852988577533,0.581403178993092,-1.21874012694919,-0.628683806504771,0.000817150314816523,-0.138793845593963,0.166309488819564,-0.00106748907998544,-0.196732868181954,-1.09827761571557
7866,16.8034450163956,52.3660019301732,6.28799529981563,0.532250284523496,-0.86644612465642,-0.628755393175858,0.000739222731078362,-0.150787442714384,-0.111999853514448,-0.00144324427743966,-0.193961660412455,-1.53202319130605
7867,16.8063810621135,52.3660564867471,6.06810565311218,0.543395554598,-0.905973998730289,-0.625646973403731,0.000749850820418813,-0.148489006136001,-0.0730623882515058,-0.00139574667766312,-0.202810504951401,-1.48570329118161
7868,16.8093171178908,52.3661109705354,5.85847986125202,0.553575539019199,-0.946709462458976,-0.62331797651445,0.000759632895849974,-0.146460432002834,-0.0360592840087475,-0.0013484330411965,-0.209939958252676,-1.43892570362448
7869,16.812253183429,52.3661653814887,5.66133555017836,0.56233419340429,-0.987507918591575,-0.622070711553379,0.000768650057486109,-0.144719974017045,-0.00122001211302325,-0.00130226518007381,-0.214953096930714,-1.39238950072092
7870,16.8151892568357,52.3662197190051,5.46751481440538,0.569591663742159,-1.03138738086249,-0.624682353354661,0.00077686307185143,-0.143563997867889,0.0341373977302526,-0.00125570753689605,-0.216663967671522,-1.34293965968004
7871,16.8181253406752,52.366273984485,5.29543137696771,0.57518581882713,-1.07322702766248,-0.628169914225019,0.000784482824754004,-0.142778472107902,0.0659522021449739,-0.00121312654216699,-0.215725706839891,-1.29679943562405
7872,16.8210614338048,52.3663281766996,5.16050967984143,0.578475247810509,-1.10377435380428,-0.625741427672331,0.000792288180339024,-0.141400162199793,0.0883354511059391,-0.00117777536740635,-0.215145937030755,-1.25977201494095
7873,16.8239975359934,52.3663822958403,5.02570909559154,0.580571057580016,-1.13930063986246,-0.629287988918488,0.00079941760288256,-0.140920851549028,0.113133697415773,-0.00114229150462677,-0.21035360288603,-1.21962301273584
7874,16.8269336477626,52.3664363424638,4.90907648596522,0.58079325902434,-1.17142356054254,-0.632490833532948,0.000806601101386403,-0.140512880156598,0.134405447284323,-0.00111014990532124,-0.204002437235218,-1.18268127552744
7875,16.8298697684291,52.3664903158723,4.80730536166789,0.579292876870092,-1.20137234460804,-0.636068341136667,0.00081371637867779,-0.140270759810228,0.153089102867536,-0.00108088368150533,-0.195929904924014,-1.14798534834244
7886,16.8004196731615,52.3677445932067,6.66399440401972,0.519055696967747,-0.837090850869799,-0.654478272842125,0.00072109122990148,-0.157298670214369,-0.161222455942177,-0.00147840082776232,-0.167469830336671,-1.6279683976876
7890,16.8121643522558,52.3679626881425,5.88762811313063,0.558178392381684,-0.972079389089998,-0.632967815271465,0.000763034725672282,-0.148140834729115,-0.0265770242328722,-0.00132032185045686,-0.201816612199053,-1.46639046179826
7891,16.8151005460564,52.3680170296544,5.67883240504977,0.565448632116258,-1.01413797906186,-0.635077024147344,0.000771908871569971,-0.146550032430298,0.0111251339872198,-0.00127418869842963,-0.206013545659644,-1.41509933730686
7892,16.8180367483872,52.3680712983753,5.49686022665435,0.571129381401597,-1.05315884037391,-0.636502568829822,0.000780160331511348,-0.14521769268593,0.0435121700582215,-0.00123219269779976,-0.207919078753264,-1.36788980662777
7893,16.8209729601543,52.3681254938268,5.33310718963401,0.575256384736278,-1.09036244618468,-0.638593003332474,0.000787911281680445,-0.144184625640287,0.0726567550239849,-0.00119321265564906,-0.207382927978657,-1.32286243787883
7894,16.8239091815676,52.3681796166818,5.18776541879697,0.577794311773111,-1.1249943498998,-0.640993723261644,0.000795272540276434,-0.143377680687635,0.0983836701445302,-0.00115748188151429,-0.204668326181221,-1.28044145092679
7895,16.8268454118687,52.3682336665151,5.05864255540359,0.578755092451225,-1.15748438855838,-0.644008027109866,0.000802411178034923,-0.142800733112022,0.121341312433303,-0.00112466304153733,-0.199871761565234,-1.2404543444336
7910,16.8120755123988,52.3697599941292,6.17733645006911,0.554757847939058,-0.956223770753226,-0.638825145917615,0.000757239565273474,-0.152030570970012,-0.0652200878058053,-0.00134198113568088,-0.186569859941343,-1.55317070424792
7911,16.8150118253028,52.3698143393064,5.95816974244633,0.561167227465162,-0.991219725968449,-0.639522664283358,0.00076648144521875,-0.149673300220493,-0.0267008790980912,-0.00129817270319507,-0.194080323109915,-1.50231054453593
7912,16.8179481461366,52.3698686111792,5.73739543905049,0.566802154955731,-1.0314032879302,-0.643614166797633,0.000775191932112576,-0.147942073972124,0.0134021613891318,-0.00125319643604688,-0.198298628225771,-1.44747316489088
7913,16.8208844775918,52.3699228102393,5.53291607010499,0.571643675067975,-1.07409799893457,-0.649663976522007,0.000783403280758446,-0.146895070639987,0.0515481071074251,-0.00121011642455196,-0.198904777740722,-1.39353092000715
7914,16.8238208177866,52.3699769369871,5.37152992222889,0.574551481546834,-1.10849573333204,-0.651851106324138,0.000790934268032173,-0.145789579687726,0.0795895463489114,-0.00117354424493657,-0.198122666573184,-1.34762214651471
7915,16.8267571671523,52.3700309900286,5.21860325602154,0.576812737356676,-1.14569225515149,-0.657347849945236,0.000798211165021892,-0.145366880660999,0.108133910692386,-0.00113856636617934,-0.194070788840719,-1.3026010211189
7916,16.8296935262829,52.3700849704187,5.10001811213999,0.576122348936593,-1.17253934351049,-0.658099337933365,0.000805301823211854,-0.144461790570734,0.127037193088109,-0.00110885035901065,-0.189791742107346,-1.26305023571229
7930,16.8090502418002,52.371502877973,6.59689630021489,0.545733414868572,-0.933268269110172,-0.660897117890043,0.000741487567877022,-0.159470105041843,-0.119806047887796,-0.00138467889475166,-0.158547628149691,-1.66444875248567
7931,16.8119866636338,52.3715572995326,6.40612751611741,0.552790889747371,-0.959341185691429,-0.656051093870584,0.000751700646553027,-0.156701813528179,-0.0880262768117017,-0.00134937769877008,-0.168670385688998,-1.62422552412545
7932,16.8149230942999,52.3716116479511,6.21156115574536,0.558671314539502,-0.985354263984192,-0.652438735809891,0.000760916335792478,-0.153902563417562,-0.0561892282865859,-0.00131233881512188,-0.17808965557802,-1.58037089009531
7933,16.8178595357877,52.3716659234834,5.96847767706777,0.563805096118493,-1.02166506599773,-0.657263542466833,0.000769917713183327,-0.151616714201032,-0.0117699650262866,-0.00126836586494061,-0.184905887604486,-1.52345203771824
7934,16.8207959855816,52.3717201262061,5.75936926364386,0.568162776869521,-1.05768753328893,-0.66050647718583,0.000778267534485677,-0.149830719618826,0.0254389344349515,-0.00122757224957482,-0.188780636775093,-1.47028631644741
7935,16.8237324442148,52.3717742558417,5.55773502338798,0.572176017084765,-1.09889274444164,-0.667037605486541,0.000786519024450705,-0.148853499719666,0.0632985175314249,-0.00118737211996878,-0.188863779950523,-1.41660312430611
7936,16.826668913564,52.3718283128063,5.40782075749235,0.573682899057303,-1.12818376897749,-0.667648125483659,0.000793800192019897,-0.147557564637221,0.0877501518773744,-0.00115443844904489,-0.188247064232769,-1.37187515967025
7937,16.829605390821,52.3718822970585,5.26731191438182,0.574233035168753,-1.15909381041012,-0.670425418155244,0.000801089486059739,-0.146768417409495,0.11178977772729,-0.00112305579012767,-0.184860280650426,-1.32792424213687
7950,16.8089612641831,52.3733001793671,6.77292950166975,0.544432141746956,-0.947987674603084,-0.685616365891921,0.000736484043114521,-0.164076144861755,-0.129690524508153,-0.00137939392847355,-0.140677465887123,-1.72526182303193
7951,16.8118978054406,52.3733546042841,6.6445884308057,0.552065665273261,-0.968071670878601,-0.673829398573815,0.000746096477377153,-0.161673636686135,-0.112187008776061,-0.00135382923708155,-0.149704283360975,-1.69692171111296
7952,16.814834354799,52.3734089561116,6.44674907209969,0.557463892680047,-0.989956058898244,-0.670221130609043,0.000755519735102239,-0.15860405228912,-0.0798509564136864,-0.00132000437174654,-0.160331991952063,-1.65412181501972
7953,16.8177709151754,52.3734632353825,6.24486415040587,0.5616976464812,-1.01268752095359,-0.667961505167561,0.000764063092611025,-0.155609971198197,-0.0471032299326026,-0.00128457045105962,-0.169845939529594,-1.60739345537252
7956,16.8265806500781,52.3736256349266,5.59086184308183,0.572145154255729,-1.12173769263806,-0.684343193897778,0.000789901444425339,-0.150670215772877,0.073137520840981,-0.00116739622303436,-0.179289375314838,-1.44194932069558
7970,16.8088722772198,52.3750974797843,6.91973598386903,0.543213848503395,-0.967581615095227,-0.714071064065436,0.000732828392781715,-0.168383174501805,-0.132670502003698,-0.0013700946506798,-0.124210355077238,-1.78157605703313
7971,16.8118089368104,52.3751519081071,6.79196444078593,0.550734884827957,-0.987703681826389,-0.70345955978971,0.000742479951425706,-0.166239164068128,-0.113951289589199,-0.00134698822539256,-0.132455790956143,-1.75430671650361
7972,16.8147456068064,52.3752062638298,6.60716323519296,0.556398720777835,-1.00800710003101,-0.698775027056305,0.00075199282332522,-0.163346781137451,-0.0839158674094662,-0.00131748813536986,-0.142771039724721,-1.71497429110218
7973,16.8176822853328,52.3752605465283,6.41476866248968,0.560992327661182,-1.02818770884905,-0.695256233185766,0.000760612419591564,-0.16035879442222,-0.0531128658881848,-0.0012860637215602,-0.152713884240427,-1.67149860087522
7974,16.8206189727944,52.3753147560128,6.20872973031032,0.564593623661047,-1.05189477755103,-0.69446942352134,0.000768956440786103,-0.157590477193685,-0.0188946969881894,-0.00125212203385947,-0.161149763820575,-1.62257395292818
7975,16.8235556709156,52.3753688928074,5.95133118036028,0.568808618695584,-1.09309324277367,-0.70342801253425,0.000778772352043502,-0.155912168100763,0.0309777374761468,-0.00121102844073462,-0.165653294527232,-1.56122784041372
7987,16.811759612611,52.3767201328413,6.91208737152124,0.549925536757222,-1.00711377032458,-0.729534746748703,0.000740182642646081,-0.170025167396636,-0.114079163158912,-0.00133978519386613,-0.118378233480527,-1.80271130228141
7988,16.8146850824388,52.3768389377445,6.75720232908907,0.555870861018043,-1.02625836902531,-0.724001103507714,0.000749369112511972,-0.167568944425133,-0.0889645342916587,-0.00131459758610056,-0.127286440695073,-1.77086416041629
9670,17.1483486805825,52.3708780841193,3.63706951703375,0.00673488089525387,-0.226207886201308,-0.260382337673235,0.000661342517997224,-0.0555550248684133,-0.0345785250957675,-0.000294127914199855,-0.205727563501439,-0.523282610073579
9919,17.1615588764755,52.3757150172261,3.86996391634989,-0.00508930792076845,-0.228643540672294,-0.256737382941523,0.000613984380033239,-0.0609302366645759,-0.0607025926533069,-0.000300563989334278,-0.170630168394407,-0.571159793431207
10262,17.1553845128978,52.3828141980136,3.98106798092658,0.000362581835295472,-0.1627702664087,-0.247890799867278,0.000593598169706389,-0.0644709788782891,-0.0886464971840297,-0.000287421483621226,-0.13593815310874,-0.580465642233435
10264,17.1612601157776,52.3829057709189,4.02802484138431,-0.0040075723725006,-0.179493452417091,-0.249775255639491,0.000583349724981239,-0.0652295066770181,-0.0892867305606515,-0.000292811506049028,-0.133064461121841,-0.59644263566031
10342,17.1553095650144,52.3846118786317,4.00759136644604,-3.75342036962323e-05,-0.15130372180505,-0.247981175991931,0.000587737443887168,-0.0659076344549825,-0.0947662824128912,-0.000290197569021849,-0.124291808510943,-0.574517616960975
10424,17.1611106886647,52.3865011440441,4.09761144895685,-0.00406028776517253,-0.154663724729005,-0.248849418727247,0.000570808483915372,-0.0676647713893588,-0.102645768308669,-0.000292679587689623,-0.112582525660922,-0.600424510025732
10497,17.1610359624295,52.3882988297039,4.12821479110175,-0.00408410852026009,-0.142238316239457,-0.24894973761095,0.000565199411866682,-0.0688831568601178,-0.108985408217585,-0.000293430150480008,-0.10237870498902,-0.599900037975658
10626,17.1606823224552,52.3912339287913,4.15835778525468,-0.00388534764108961,-0.122954432470721,-0.250503778471582,0.000558163977724291,-0.0708500814816064,-0.117782524614846,-0.000297999609983939,-0.0858834250614553,-0.58739191707366
11949,17.0917720357644,52.2217028554614,1.88367996737941,0.456897607485134,-1.1930500421236,-0.225330234499349,0.000595821974704302,-0.100865585837381,0.369591191075112,-0.000878404857389298,0.00734159403975809,0.194741436786671
11950,17.0946990838055,52.2217501578788,1.8780763016955,0.450338943196109,-1.17804121592525,-0.217413398375992,0.000594598869538388,-0.100777479159631,0.368436807009572,-0.000888060278559998,0.00324208359576872,0.202508466264135
11953,17.0834221627477,52.2235157161455,1.90364992059216,0.47053526388053,-1.23561845886189,-0.242096144922378,0.000598361493113837,-0.101335162882085,0.372346644998352,-0.000855605474031185,0.0154620157598551,0.177420952397426
11954,17.08583021508,52.2234122197609,1.89594699552873,0.466217116946498,-1.22266039499262,-0.235970424548679,0.000597317304932673,-0.101215339805962,0.371654262635569,-0.000864329537870766,0.0126790561785857,0.183877153957724
11955,17.0888192004849,52.2235001193613,1.88948762991384,0.459607449556962,-1.20562740720568,-0.226362041627905,0.000595406901766167,-0.101164729598869,0.370720971740051,-0.000875500127586235,0.007591889838789,0.191920540021044
11956,17.0916949522819,52.2235005200011,1.88026808889322,0.454101695153025,-1.19180366063483,-0.220429532047817,0.000594873139737339,-0.10097134916167,0.369597463388064,-0.000885233911710054,0.0052327656408977,0.200197545124979
11960,17.0828479659254,52.2251631522458,1.9045049195048,0.468680479444199,-1.23613311289296,-0.237236887479181,0.00059700668500728,-0.101555992209391,0.372687127133279,-0.000860775530713745,0.0126568253444486,0.180242407180742
11961,17.0857633159395,52.2252033494742,1.89497861139478,0.463016877071375,-1.22011632229486,-0.229133817513159,0.00059555100727768,-0.101424218406798,0.371825819900141,-0.00087171219542985,0.00895377625541016,0.188671248832065
11964,17.0945451453454,52.225345492881,1.87383928510394,0.443733195143263,-1.17464060350252,-0.205911295665327,0.00059200468330362,-0.101061717933389,0.368389141803804,-0.000900292319359002,-0.00227138389187331,0.213249017534565
11971,17.085685980447,52.2270010067236,1.892713223133,0.460036450717046,-1.21819822587953,-0.222928383241999,0.000593959326702249,-0.101597968094109,0.371979825470449,-0.00087876579727051,0.00584285410226215,0.193880275254969
11972,17.0886133667756,52.2270484635721,1.88235103292067,0.45431313877102,-1.20339711974044,-0.216410914085049,0.000593217560927347,-0.101393122168399,0.370868422396784,-0.000888844427374774,0.00330740257076911,0.202763780335488
11973,17.0915407608592,52.227095848103,1.87725657255316,0.447278059598222,-1.18747813715222,-0.207501466841876,0.000591553731162159,-0.101327329566238,0.369707552353828,-0.000897689590192763,-0.00140114909003231,0.21065114934612
11974,17.0944266682271,52.2271288298193,1.86993814070581,0.440931016466552,-1.17391003699058,-0.201506602654582,0.000591164458109271,-0.101141445435067,0.368334378277528,-0.000906142138669165,-0.00393311128983953,0.218911058957474
11982,17.0885361406154,52.2288461236059,1.88095499951322,0.450901045846452,-1.2010559411034,-0.209556681930056,0.000591283863293067,-0.101591168993203,0.370992942808861,-0.000895032141728896,-0.00028534624018306,0.207975179988807
11984,17.0943908884552,52.2289409903159,1.86592400933131,0.43780227806005,-1.17254649322682,-0.196685488203126,0.000590145132752989,-0.101222895220254,0.36824589752603,-0.000911961719754051,-0.00583437327890479,0.224876639170759
11992,17.0913865378592,52.2306911728456,1.86901672294226,0.441518438972144,-1.18497529197911,-0.197747406201429,0.00058923400706366,-0.10151367835607,0.369719577534108,-0.000909478705178018,-0.00533092502608667,0.222278341687741
11993,17.0943141758992,52.2307384908475,1.86073952121961,0.4350573625976,-1.17157730437894,-0.192956654613308,0.000589497925421959,-0.101255396035723,0.368127837846464,-0.0009177969639758,-0.00696246752880114,0.230889936713254
11996,17.1019768816969,52.2316509860599,1.84592850171737,0.414841202521554,-1.13752776244955,-0.180703537081019,0.000591271543597952,-0.100608013393984,0.362996056044572,-0.000938840835966612,0.519618602235802,0.253794681643853
12002,17.0942371710001,52.2325361556525,1.85706764575775,0.431984865205382,-1.16974461743054,-0.188032316575075,0.000588070741391589,-0.101346586390411,0.36811651197229,-0.00092236554333755,-0.00907051789230451,0.236442863990533
12009,17.0941601568766,52.2343338193176,1.85126343447416,0.429390176965762,-1.16806299176245,-0.184871675046118,0.000587343465130196,-0.101347479777526,0.368005979430325,-0.000927654141767278,-0.00994591419068769,0.242259557076636
12025,17.0998071082754,52.2379935180225,1.82705042741816,0.409618243494569,-1.13599917283534,-0.178701052713187,0.000591936520385115,-0.100414790751034,0.362674029356734,-0.00095861328581244,0.522304575816328,0.268693522230251
12032,17.0968573037794,52.2397740681562,1.82331488545884,0.41454266255069,-1.1453369949464,-0.179909999527045,0.000590267526589665,-0.100615618393472,0.364594053941744,-0.000958701847727728,0.524850198293393,0.267364220121067
12037,17.0879953331421,52.2414297246848,1.83805479351457,0.434111009596703,-1.18607697587389,-0.183485278278059,0.000583175162054206,-0.101790595418549,0.371375788412323,-0.000936619275680298,-0.00929786755453677,0.24870019539685
12040,17.0967803761281,52.241571733054,1.81695955889842,0.411894931328598,-1.14072663609018,-0.179131356591274,0.000590339163282146,-0.100484051409687,0.364212339737896,-0.000966376649186126,0.52528256711917,0.272242503817779
12071,17.08776343669,52.2468226874886,1.81003871572983,0.428258052713055,-1.17066291800406,-0.182353836568865,0.000582725092559338,-0.101297887661434,0.370851020430073,-0.000963436259443395,-0.00794458467243331,0.265227120366319
12072,17.090692131,52.2468701049536,1.80304780892465,0.420550904825689,-1.15405014887676,-0.181324082430915,0.000585506918678318,-0.100809958351309,0.368304454663506,-0.000974342082128488,-0.00773721505625957,0.272772860371106
12083,17.0876861218521,52.2486203402236,1.80115305312881,0.42636923275489,-1.16390643106091,-0.182419209878489,0.000582349259687586,-0.10111283883892,0.370715758412485,-0.000973008620525947,-0.00759498962397842,0.269857850773576
12084,17.0906149339091,52.248667761069,1.79379460496546,0.418050813547781,-1.14689300176767,-0.18285644464256,0.000586689125600942,-0.100530468439139,0.367699526511172,-0.000987023504550447,0.1884584325067,0.277968739660253
12086,17.0964725831485,52.2487623851223,1.78712706035691,0.399060930396403,-1.11469134657068,-0.187508639721386,0.000599042032599035,-0.0992924095588341,0.360303609346278,-0.00102047557266544,0.519895087381833,0.292980685665725
12093,17.0846798760316,52.2503704957772,1.79913083192633,0.431940865561808,-1.1739056424025,-0.184601580441083,0.000580031144321633,-0.101373144749022,0.37288129073947,-0.000973796669384241,-0.00690086626901376,0.26730733401763
12094,17.0876087984282,52.2504179922744,1.79160492706262,0.424395744753682,-1.15641221641462,-0.183432346530719,0.000582567651796059,-0.100869704535881,0.370429073601046,-0.000984270616655708,-0.00672094093426168,0.274560496245556
12095,17.0905377289697,52.2504654165367,1.78473255548346,0.415523682960265,-1.13910613128537,-0.184826849578805,0.000587982949851514,-0.100231399830738,0.367063603045287,-0.00100034200015285,0.362785347136224,0.282823844545305
12104,17.0846024265918,52.2521681446626,1.78946370378321,0.430395399515603,-1.16585486783286,-0.185247615557472,0.000579428171985693,-0.101159696167429,0.372859207006022,-0.000984225526599311,-0.00644335736272339,0.271491670921478
12105,17.0875314667701,52.252215644071,1.78020878223106,0.421532721379193,-1.14729451016504,-0.18669809703713,0.000585111065277106,-0.100464000400369,0.369463326183496,-0.00100184138404795,0.0259209333850166,0.28055933611688
12106,17.0904605162119,52.2522630709541,1.77451074440557,0.411939004823324,-1.12963790756272,-0.18918162447299,0.000591740440277085,-0.099772814431808,0.365683946369468,-0.00102035649087386,0.404890219326774,0.288820023056132
12107,17.0933895725031,52.2523104251848,1.77253307731041,0.402404610954046,-1.1138710960862,-0.191576389385556,0.000597836760939853,-0.0991664981552078,0.361994866973583,-0.00103564129992799,0.504072516401784,0.295593453002482
12113,17.0815958182016,52.253918216989,1.78778524506168,0.436234861583668,-1.17546350825481,-0.18776262769903,0.000576675295265914,-0.101437872211777,0.3751570309889,-0.000985412446204911,-0.00596092714088314,0.268446447556244
12114,17.0845249685651,52.2539657923076,1.77679057803903,0.427707468414588,-1.15590494024504,-0.188634726135945,0.000581836015342673,-0.100733128406762,0.371967337708614,-0.00100265101558551,-0.00407829007948379,0.277723346852952
12115,17.0874541275768,52.254013295203,1.76952734467295,0.418588954663953,-1.13752332465378,-0.190311718004963,0.000587674998546354,-0.100050840086078,0.368480107887973,-0.0010198827582706,0.179577006253439,0.286021620367023
12116,17.0903832945607,52.2540607250656,1.7655975232168,0.409097226174384,-1.12071997402201,-0.192658956424232,0.000593949054037752,-0.0994003386247728,0.364791533208734,-0.0010362439686553,0.444324693835213,0.293395119563741
12121,17.0815182338379,52.2557158613087,1.77348642276684,0.433500299563745,-1.16435302565485,-0.191518837084224,0.000579329463268541,-0.100965324720181,0.374214520983657,-0.00100585088792117,-0.00335221251303608,0.275248286273893
12123,17.0874058771421,52.2557450076173,1.75929624445769,0.415296482915009,-1.12720979064795,-0.194770915034269,0.000590975655036356,-0.0995953779367351,0.367262076145938,-0.00103956639410016,0.285543989344134,0.291403309011457
13571,17.082154970577,52.223123221433,1.90843314786019,0.473448032334161,-1.24319564770517,-0.247009815826756,0.00059934213210442,-0.101351362338639,0.372623112438625,-0.000848803558016274,0.017794463046334,0.172792322816406
13572,17.0871615142746,52.2225788290711,1.89356698621316,0.464926909550901,-1.21640951053259,-0.234969340499561,0.000597272141666874,-0.101097903108184,0.371196171358117,-0.000865723394062864,0.0121919188171447,0.185044099063475
13573,17.087932237804,52.2226895654741,1.8926063941941,0.462892349749943,-1.21151808889773,-0.231684657564507,0.000596519952511349,-0.101119346604725,0.370978955198185,-0.00086905723688703,0.0102839292559178,0.187176909775133
13626,17.081507327709,52.2243381066804,1.90961023889776,0.472604484005614,-1.24498342168487,-0.244306865235465,0.000598567758446106,-0.101514800250736,0.372931784866306,-0.000851801465195215,0.0161876436723816,0.174218639257731
13683,17.0958103453852,52.2276066488907,1.86534072092184,0.437079971682229,-1.16747987083626,-0.198012299219084,0.000591061126302886,-0.101049179579148,0.367555815597972,-0.000911696060228673,-0.00522928453046489,0.224434545200324
13739,17.0958786771416,52.2280813617816,1.86448882127121,0.435982951652692,-1.16665516477789,-0.196370273541685,0.000590691002465049,-0.101076600336211,0.367495573308063,-0.000913264775029496,-0.00597425312420796,0.226144155267718
13797,17.103137756795,52.2308520552982,1.8468359890166,0.413318115173102,-1.13376225702739,-0.180799594575149,0.000591980099130778,-0.100512786050438,0.362301505287003,-0.000939315118094308,0.518738501755038,0.254083194133102
13994,17.1010961322042,52.2386951440623,1.82297166576075,0.404627559942388,-1.12824644494812,-0.179478853876727,0.000594688059383501,-0.100109056290877,0.360924204388162,-0.00096845425866135,0.521186677000571,0.274141566875414
15025,17.0956254845467,52.268536625537,1.75369583343735,0.34168140198096,-1.0237143079442,-0.273751485914005,0.000664029319902066,-0.0936461288198367,0.334757357698137,-0.00124025654977677,0.386182227453176,0.337202775588992
15042,17.1454389249361,52.2693297607015,2.42800413059189,0.0871996252582363,-0.845992898628388,-0.395865622461002,0.000811408284433428,-0.088789787200238,0.218512871818417,-0.00118234460974173,0.0787290210466942,0.232388670970579
15051,17.1718116734775,52.2697411515107,2.72427590987422,0.00736948386408098,-0.789025084382722,-0.412370009692978,0.000842784143422638,-0.0881807980294451,0.179765186741163,-0.00107144969697538,0.0245074644425998,0.152953411768181
15284,17.0485075052939,52.2731637719968,1.85390216593294,0.501338159829791,-1.32250778351576,-0.250232742008762,0.000541767470405147,-0.106255509873117,0.400188920042678,-0.00100143158922866,-0.00582225238631295,0.207550947778884
15285,17.0514378669197,52.2732121806608,1.82169039452924,0.495604369176871,-1.28283920109733,-0.245909416886612,0.00054203248666964,-0.105229904019106,0.398735950762876,-0.00102437067217037,-0.00555356702862042,0.2187640384264
15374,17.0454980562681,52.2749128910257,1.86911804828844,0.507691251048752,-1.34234901679176,-0.260854986646073,0.000538259707228476,-0.106926346967835,0.402562931217496,-0.0010024719597102,-0.0060462251895661,0.199237665856458
15375,17.0484285283415,52.2749613754692,1.83641226718191,0.502390243313392,-1.30062505471822,-0.256046937134045,0.000537652296111297,-0.105896865959782,0.401354792243614,-0.00102557863388961,-0.00626550004258064,0.209662927172701
15439,16.9897393251714,52.2757754156607,2.80764337675907,0.525139447006463,-2.21192856471062,-0.493738487910228,0.000677176124117235,-0.127473925871044,0.38759432162624,-0.000563363559449685,0.0190866519729189,-0.0547827937353418
15446,17.0102525174955,52.2761229700116,2.36464624509779,0.53339202054984,-1.87605225064212,-0.37134179569658,0.000602691699480369,-0.119064514260782,0.400285667749764,-0.00075021227874035,0.0109830713120078,0.0677905170553004
15451,17.0249050521335,52.2763690421728,2.12059696162527,0.532128584307194,-1.64944913388469,-0.314349517046338,0.000563082549666149,-0.113972651985898,0.405615856965053,-0.000858212324216956,0.00306784120649239,0.131111460906141
15459,17.0483495431305,52.2767589778495,1.81700203544568,0.502777856077949,-1.27695290896887,-0.262456493015179,0.000534525557159497,-0.105452794962952,0.40222500622866,-0.00105328677499379,-0.0062549211566072,0.212963988240688
15517,16.9837968915669,52.277472992566,2.97153482660718,0.522926356398745,-2.34398501964446,-0.554629213101478,0.000706604127322775,-0.131805658818001,0.384111860002115,-0.000518161807771422,0.0187594320118478,-0.0900135288266029
15518,16.9867274241029,52.2775230098261,2.88452690041822,0.525233435915141,-2.28273640846742,-0.528671922212325,0.000691182054007821,-0.12993610068173,0.386662738517451,-0.000557463837811814,0.0188320168314444,-0.0673401166396275
15519,16.9896579635284,52.2775729542049,2.80190799032891,0.52712596546303,-2.22308099945392,-0.505370953724508,0.000676968250123222,-0.128154227274785,0.388907269905959,-0.000593399675512932,0.0189109987144604,-0.0456649058901917
15521,16.9955190698713,52.2776726253905,2.65368081316461,0.530334408078007,-2.11393826471619,-0.46342368533211,0.000651690008879796,-0.125107013836314,0.392990946797913,-0.000654114656967547,0.0179325236890246,-0.00608649065031841
15522,16.9984496363778,52.277722351791,2.58141727480853,0.531277410665866,-2.05885874102333,-0.445502382522029,0.000640922322913819,-0.123559378590379,0.3945223643057,-0.00068047320182843,0.0180250388856509,0.0133838535878681
15525,17.0072413849049,52.277871095208,2.40498020461177,0.535348648160332,-1.92149491955808,-0.394123630511508,0.000608685784784957,-0.120305281373507,0.400275504258716,-0.000746360631998746,0.0130427107762765,0.060343757645569
15526,17.0101719847138,52.2779205308988,2.35380365633046,0.536856058392572,-1.87825588555458,-0.378704763380078,0.00059783599900161,-0.119401046616549,0.402342719948369,-0.000767040186817503,0.0105171261521422,0.072883484675458
15605,17.0100914436961,52.279718091277,2.34385012831427,0.54096815667042,-1.87939088835427,-0.387908185663854,0.000592059179881678,-0.119759327778763,0.404692734546245,-0.000785785079001275,0.00985426328193828,0.0765820616226165
15609,17.0218144018679,52.2799151199524,2.13309365991847,0.539681409795791,-1.6744540263767,-0.341665825152681,0.000558371390034643,-0.114933107225634,0.408785093353585,-0.000877192862291168,0.00424298754895364,0.126874609842389
15610,17.0247451624959,52.2799641954736,2.08893100256466,0.538919039755072,-1.6228474158161,-0.332413546041472,0.000549975895153492,-0.113841919856982,0.409744060236155,-0.000902429347800646,0.00185190197429796,0.135618065179642
15678,16.9982875978171,52.281317446352,2.56893190752561,0.537630462833404,-2.07556030184439,-0.467608214542047,0.000634895017449576,-0.124787343006666,0.398339271958567,-0.000726201087554987,0.0168293681239522,0.0261527481062558
15682,17.0100108940365,52.2815156510045,2.33363383723861,0.545568435225654,-1.87823086136778,-0.399532364744907,0.000585714233249999,-0.120084908440858,0.407211800073524,-0.000806653329565143,0.00927108888562689,0.0792375688725429
15714,17.1038020780408,52.2830594082981,1.96614030211424,0.223564158842016,-0.939135890871,-0.382607873222533,0.000762526028931376,-0.0882947082693024,0.278241649651401,-0.00130740793313484,0.154093064302515,0.32769250296576
15745,16.9894138274494,52.2829655663813,2.79348477556675,0.53567900543258,-2.26131019746062,-0.551835865365945,0.000674977429098565,-0.130717970246768,0.393955557817984,-0.000691053170329844,0.0173116757670257,-0.0217862933017727
15746,16.9923447326231,52.2830154478605,2.71060081209515,0.537659872942503,-2.19799742739657,-0.526648059652139,0.000659395094946541,-0.128745514334499,0.39618614540453,-0.00071236230683687,0.017445154098187,-0.00270435329792917
15747,16.9952756444304,52.2830652566612,2.63822987852893,0.54015610030145,-2.14293095186475,-0.503196576056489,0.000644257363682399,-0.127183824363564,0.398699725129142,-0.000732688542025628,0.016425185331272,0.013890520892005
15748,16.9982065659873,52.2831149928063,2.56546742744007,0.541916899219496,-2.0852775391791,-0.481759943729763,0.000630759716331743,-0.12554396320342,0.400752248635367,-0.000751689360305882,0.0158488263957235,0.030786124028225
15752,17.0099303358571,52.2833132100227,2.31734216699408,0.549164127404245,-1.8709700997332,-0.41352128695533,0.000581031164800542,-0.120157638368933,0.409099944799834,-0.000828756490421328,0.00985103665642928,0.084231206598929
15764,17.045102457043,52.2839008822488,1.76320274623879,0.506281739133872,-1.20366506951558,-0.300675449482497,0.000526114979400993,-0.104216514883299,0.405684202650379,-0.00117269643359771,-0.00543667410784465,0.219131372254367
15784,17.1037253113432,52.2848570667453,1.98908178759518,0.21322245106853,-0.926661360423182,-0.3902973206078,0.000770755932565008,-0.0878250083002593,0.272833475405597,-0.00130288054348833,0.14748145048911,0.323691826993581
15809,16.9893324319813,52.2847631024362,2.79573694390683,0.539895282525872,-2.27791612481059,-0.572233461245759,0.000673598305897758,-0.131863867656926,0.396227893899022,-0.000726960238135663,0.0162074488193031,-0.0156141305415076
15812,16.9981255254823,52.2849125386643,2.55298140219537,0.545206923268348,-2.08494764681778,-0.498698927034205,0.000628161184859758,-0.125906081940332,0.402467800555395,-0.000777050487056105,0.0163786889403656,0.037717614893154
15828,17.0450233115166,52.2856984783582,1.73962790200733,0.50442865403682,-1.17081588922227,-0.311273703932173,0.000526110438012421,-0.103474447170136,0.405624041198926,-0.00121701745096403,-0.00442869973809579,0.224506453231072
15848,17.1036485364954,52.2866547245037,2.00839793945096,0.204649486088063,-0.919310748447842,-0.396743333027111,0.000777671810786609,-0.0874029013020421,0.268373690751831,-0.00129591659052913,0.141944771515188,0.319983645442221
15871,16.986319894668,52.2865106771352,2.87706930713836,0.540558061175576,-2.3516836419788,-0.624565103450024,0.000692520028223917,-0.134868053813459,0.395224481832724,-0.000749749850427119,0.0162823787415416,-0.0253650165507793
15929,16.9715822376406,52.2880572988752,3.35599331621677,0.522051742885987,-2.70077163589239,-0.804747737112883,0.00081126061074689,-0.14754228372031,0.377975780585789,-0.000744947009114124,0.015977191456642,-0.114905481910398
15934,16.9862383634569,52.2883082085555,2.86474171026032,0.543591294001684,-2.35216164828452,-0.648709469513165,0.000693085265240656,-0.135448139489742,0.396694447633522,-0.000789035048212539,0.0171361851122107,-0.0156557452547759
15954,17.0448649972727,52.2892936690882,1.69027956001082,0.498994830310703,-1.10264557136166,-0.335625290762522,0.000529209310960532,-0.101785546757339,0.404631646193325,-0.00131324954960652,-0.000892917024987838,0.237309723847261
15988,16.9715001049525,52.289854813424,3.30646847352654,0.523034332975972,-2.66942431089762,-0.816647124379138,0.000811865349616017,-0.146781502870163,0.378562107141077,-0.000789030940131517,0.0194817630338431,-0.0965605262102258
15990,16.9773627664253,52.2899554021764,3.14001242896632,0.535116046453902,-2.56518875484671,-0.771718446141101,0.000765804786276681,-0.143711728074142,0.387858392483442,-0.000815631641848443,0.0167257258174818,-0.0590354587262141
15993,16.9861568238899,52.2901057396798,2.84456579065358,0.545759900795423,-2.34326002474431,-0.671426869908338,0.000694150887635413,-0.135693812783462,0.397734151982529,-0.000823898940928304,0.0185225261490825,-0.00447712733540584
16013,17.0447858272107,52.2910912637039,1.66730469414449,0.497036603780178,-1.07344278277591,-0.34925918757348,0.00053082446729193,-0.101007688782952,0.40436133449772,-0.00135839518499167,0.00159952920376227,0.24300552186736
16034,17.1063498650057,52.2920947524969,2.12889708325963,0.160915084678189,-0.87754136187543,-0.413804208046471,0.000805410772257147,-0.0859842315355755,0.245957765885233,-0.00124193079606644,0.111786617125155,0.293076932530994
16045,16.9743494092141,52.2917026616437,3.19026158023968,0.530988791105194,-2.60017158507961,-0.812007196090253,0.000790686552278649,-0.145261396677008,0.384230607778776,-0.000843839267528366,0.0198093538354698,-0.0621157251391082
16046,16.9772808625617,52.2917529226005,3.10245088160718,0.536274262389101,-2.5409067607613,-0.788097136425549,0.000767050076282625,-0.143364363456652,0.388474835406213,-0.000851207331454294,0.0190975373979452,-0.0437169042029382
16047,16.9802123247218,52.2918031112975,3.01259056853598,0.541086138784841,-2.47757172645091,-0.75932975237054,0.000742375479794322,-0.14116227900874,0.392436795001527,-0.00085497818851436,0.0188076500567078,-0.0267050532294206
16082,17.0828188350051,52.2935138873003,1.71980694678928,0.296975598286201,-0.952621302877375,-0.396240437896502,0.000739785050469101,-0.0872112370491013,0.30892156578563,-0.00138559204117565,0.415195800792809,0.365751769012036
16083,17.0857505993868,52.2935614575954,1.76462799898906,0.280023401907711,-0.951175637024917,-0.400076450937675,0.000750104395653182,-0.0869061153865092,0.301125392972435,-0.00136889739410366,0.338584834498313,0.360021728065988
16099,16.9744074438251,52.2934219327038,3.1524323440733,0.532886993638503,-2.57710772068003,-0.822699812414374,0.000789865954683505,-0.144971793628834,0.385319944403452,-0.000874939023322776,0.0212597915869868,-0.0474767482310199
16100,16.9771989501738,52.2935504425354,3.07258058729161,0.538201899877373,-2.52384886225622,-0.804099743810454,0.000767895990048415,-0.143365014050577,0.389468988798684,-0.000884172689413266,0.0203942807658741,-0.0302783085684837
16101,16.9801305303267,52.2936006343028,2.98208148117527,0.542513868244104,-2.45781255339089,-0.776742577978219,0.000743703250071247,-0.141085795277162,0.393184474915202,-0.000885230552851009,0.0202168068804109,-0.0132487590408346
16102,16.983062120165,52.2936507533024,2.89245501753595,0.546595632925104,-2.39076971558548,-0.746535484609218,0.00071951491479279,-0.138706322301405,0.396715692877952,-0.000885309750421334,0.0201492216369772,0.00248821543306121
16109,17.0065151429202,52.2940490868241,2.30585561597854,0.577622862929555,-1.86648685818854,-0.558334836094943,0.000554124637183541,-0.123180697265441,0.423234093144238,-0.000997220486491313,0.00743656964760397,0.0828383677823581
16130,17.0680818990937,52.295072563846,1.53342087530081,0.384959423673712,-0.972620258606881,-0.384071716466458,0.000674469680412918,-0.0894352645902806,0.350467847454939,-0.00145991748667802,0.352055161976388,0.372022512241244
16131,17.0710137406311,52.2951205007641,1.56181871592526,0.36570787306492,-0.967636133494011,-0.388348022603665,0.000692121741791158,-0.0886450609470683,0.341115501194755,-0.00144825457500361,0.40680911027512,0.375770654573273
16151,16.9771170287523,52.295347962182,3.0439963507423,0.540423100105134,-2.50771655294997,-0.818308894257349,0.00076813323032037,-0.143415101505649,0.390617721301439,-0.000913431722121735,0.0212858605448076,-0.017707677019132
16159,17.0093661919335,52.2958961058701,2.23880938202973,0.585239844228744,-1.77323879901488,-0.574716448919219,0.000529989543682499,-0.121793201552404,0.428939222131799,-0.00107401047452813,0.00172620983153138,0.0850556254896446
16178,17.0650717001998,52.2968221687307,1.50712889106791,0.396122717815498,-0.965729979672545,-0.392928828485552,0.000666456559926001,-0.0894531392116132,0.355658902470327,-0.00148260281250047,0.2958219217013,0.371170980847467
16184,17.0826635363032,52.2971091533762,1.74564973730656,0.279427917930846,-0.935253954649028,-0.410710384015459,0.000756638039905571,-0.0859953049702352,0.29965917152586,-0.00137346472488696,0.378457668407037,0.363223317559346
16187,17.0914595645989,52.2972516637867,1.90696519463631,0.224671785555717,-0.916610640877195,-0.417242028049785,0.000784737827211795,-0.0853415350606493,0.27425793336019,-0.00130999043803849,0.170714213069513,0.335753984420535
16206,17.0092855657234,52.2976936598579,2.22730158599649,0.589867732578034,-1.74754405710034,-0.607455308430914,0.000523268120876974,-0.121980955852437,0.431716265303865,-0.00112535047151965,-0.00033269375501721,0.0842078847653625
16207,17.0122174780757,52.2977430579467,2.16082566926445,0.587382117262636,-1.65784885276653,-0.588855298801292,0.000511031967549594,-0.119680727881819,0.432400714000976,-0.0011611767147886,-0.00337838308450156,0.0918367228047146
16224,17.0620612648449,52.2985716938207,1.48405874693981,0.40581103580013,-0.952229927518346,-0.403349486711519,0.00065849321511751,-0.0894462941187654,0.360263520662691,-0.00150876227952054,0.228492231092158,0.369517518764837
16225,17.0649933273791,52.2986197822884,1.49935355328279,0.390133809897162,-0.959566367544056,-0.404809500058519,0.00067661722526468,-0.0885915482973936,0.352328902103837,-0.00149156731500798,0.325074705541045,0.37687620586513
16226,17.0679253977869,52.2986677980137,1.52816066546131,0.370036831217605,-0.954684528133043,-0.406359151293842,0.000695285224249231,-0.0877627947495369,0.342461729128025,-0.00147374092928104,0.390252440743581,0.38121140048446
16231,17.0825858743846,52.2989067858618,1.75810384390553,0.27146721717024,-0.928893418195869,-0.41664385099331,0.000764448827490269,-0.0853928644169729,0.295361512295616,-0.00136347375479073,0.364121742839643,0.361182169411052
16234,17.0913822589399,52.2990493050226,1.92773768537864,0.215458386106389,-0.906290197360377,-0.421094425618747,0.000791870830356578,-0.0848041590049917,0.269219674052579,-0.001294774543021,0.160668422546852,0.330611132334809
16269,17.0619827649465,52.3003693034087,1.47293998394946,0.400783668791449,-0.947362100746332,-0.415465660292526,0.000668398607773633,-0.0885558503561833,0.35735301996522,-0.00151781840153123,0.261467102695168,0.375722032205431
16271,17.0678471354139,52.3004654139945,1.52695248164889,0.36276342715281,-0.946819099506087,-0.415793170903797,0.000705303124854869,-0.0869393747510888,0.338485672865879,-0.00147456170089923,0.40582600621979,0.384707489873506
16276,17.0825082046846,52.3007044171395,1.77530001958144,0.261863146242724,-0.917116316684101,-0.421263645158312,0.000772547672800522,-0.0847635627716856,0.290166205573417,-0.00135023784802829,0.33838539910429,0.357867043243459
16278,17.0883726897881,52.3007995090744,1.88761720778342,0.225669527428337,-0.907771509285055,-0.423658225783008,0.000790258426796575,-0.0844041801317962,0.273307292965672,-0.00130303765325375,0.188329053684246,0.337072272922285
16279,17.0913049445123,52.3008469458251,1.95336938340915,0.20469386939615,-0.889835953345411,-0.42348880977854,0.000799306089868783,-0.0842395698444607,0.26320783451043,-0.00127590404354108,0.148164871901802,0.324076061758035
16297,17.0237851180307,52.3015350603046,1.8742510347214,0.559325135929194,-1.21806990438574,-0.56335014265801,0.000483920968265937,-0.109576774651685,0.42961409826951,-0.00148495476829161,-0.0170354350765147,0.141573184149308
16309,17.0589719651686,52.3021187456022,1.44892599373492,0.41053307627147,-0.929917992384588,-0.427579735873337,0.000659839063868138,-0.0885161392944419,0.362070685989499,-0.00154688919622228,0.192949651864552,0.373721578068455
16310,17.0619042566569,52.3021669129662,1.46360752259619,0.394573551957978,-0.939547343469101,-0.426154910588593,0.00067891976062037,-0.0876181405968302,0.353843176558766,-0.00152307534587091,0.293461588993118,0.381701212697351
16333,17.0061113784866,52.3030368375026,2.26047377601083,0.604754043495271,-1.75708797058201,-0.734128776292479,0.00052037281697463,-0.125204722248958,0.438804591393851,-0.00127085768215995,-0.0045413673582857,0.0786597259428277
16339,17.023705059509,52.3033326284708,1.84833026352879,0.556184598953415,-1.16401138985663,-0.589078075323627,0.000483842808780407,-0.108691041546176,0.429421809028569,-0.00156547646190985,-0.0180442409332189,0.146709348584181
16376,17.0089629774554,52.3048838696015,2.16983279934897,0.60335062877996,-1.61011744589061,-0.746664006205236,0.000501055943699563,-0.122242128760842,0.441284201242599,-0.00138950041216659,-0.0108914729318279,0.0861062623249609
16455,17.00293641099,52.3083799179563,2.24248567079849,0.613199583062345,-1.71653478629526,-0.828256044425913,0.00052024751590575,-0.126209887536811,0.44309070472712,-0.0014170542039269,-0.00605341603503717,0.0853570092660902
16456,17.0058690171289,52.3084294804874,2.18041206965648,0.610165188944176,-1.61198767119819,-0.815733885672117,0.00050409193392326,-0.123691739405977,0.444124768781448,-0.00148489359764017,-0.0113830044852854,0.0875811408260461
16459,17.0146668874252,52.3085777319265,1.96936945402672,0.582937335169976,-1.26992892056282,-0.7509101269127,0.000479714559028656,-0.114485211333784,0.439301057196054,-0.00168054949862073,-0.0221491158549538,0.114021835679864
16472,17.0527918682816,52.3092125856989,1.36719349429791,0.420284721619868,-0.867011251340756,-0.475702268887076,0.000661034608977823,-0.0861884220222628,0.365777691774484,-0.00161759768918496,0.135396678926696,0.381583147257913
16497,17.0145864395017,52.3103752878639,1.92277579228676,0.576816218917584,-1.1836115501616,-0.766513929736504,0.00047928402338248,-0.11250234025755,0.437936255437307,-0.00176897331674336,-0.023307057153529,0.121264305307875
16615,17.0495429799751,52.3163545583186,1.2689848333236,0.412130240843376,-0.784826579410918,-0.487694863000868,0.000681607425589384,-0.0813406491966622,0.358860869688751,-0.00159872794012945,0.169808222231664,0.399808035287663
16900,17.0577128088542,52.3308803583802,1.45710099043151,0.281034620110454,-0.587008443403448,-0.371460184447898,0.000784379806422298,-0.0629958684536982,0.271081674317202,-0.00104861330109976,0.385537246492291,0.303929788842311
16927,17.0576340415128,52.3326779537139,1.47969313208404,0.27154411345613,-0.546421172830591,-0.361185403066365,0.000785898400544203,-0.0607481288834633,0.262573765020438,-0.000996982037293332,0.382678502797337,0.283370492976076
18624,17.0178262784107,52.5847082108817,7.87459046799449,-0.117463569803618,-1.83344851168858,-1.37048647262694,0.00050744131669988,-0.121028655927066,0.0508461784912431,1.27850560694975e-05,-0.0373728781975944,-2.44355753885759
18625,17.0207936004871,52.5843209905385,7.8304308838517,-0.112368092456904,-1.80706922839169,-1.36560185217177,0.000498666022144732,-0.120599267918385,0.0504585120258003,1.35034466101913e-06,-0.0374994639173662,-2.42233579243521
18682,17.0139617978469,52.5856028072652,7.93734331303631,-0.125302116675993,-1.87526975270665,-1.37815463018911,0.00051928499824113,-0.121698574233724,0.0511638437236872,2.78939430396752e-05,-0.0367659241039069,-2.47088174963437
18683,17.0170353217921,52.5858439271632,7.89536183859263,-0.120672270301245,-1.8487540870718,-1.37489800682469,0.000510106686288108,-0.12125015320553,0.0514952392771182,1.72742880779342e-05,-0.0367497090598929,-2.45239643352431
18684,17.0198972797392,52.5857005482225,7.85432154861564,-0.115970784998996,-1.82309081800852,-1.37138979002327,0.000501501071839904,-0.120833665810979,0.051461655111634,6.84642104734068e-06,-0.0368217029232474,-2.43353893832966
18685,17.0228350139711,52.5857406251429,7.81628425592271,-0.111772942842279,-1.79933120765683,-1.37118887297896,0.000492494570924202,-0.120473684249028,0.051500446255984,-3.43082528074523e-06,-0.036740481638067,-2.41508216497755
18742,17.0139004221813,52.5873899073017,7.95161974709322,-0.128655164723845,-1.89335817745947,-1.37847649630594,0.000520813983608728,-0.121894109046064,0.0516497329255241,2.98658265243806e-05,-0.0355670629994804,-2.47435126980918
18744,17.0198028598434,52.5874887793198,7.87120967510987,-0.119085031630355,-1.83540777038433,-1.37871275289445,0.000501982178468712,-0.121006225740977,0.0526703315560937,1.00178272775392e-05,-0.0359442958373493,-2.44095078180271
18745,17.0227540918959,52.5875381050123,7.83060630133377,-0.114775491353658,-1.81307812199245,-1.3733124867669,0.000493570137667878,-0.120619469067671,0.0525153291117206,-5.37459481211866e-07,-0.0356589299339922,-2.42115235720496
19663,17.0924929389205,52.6138655750196,7.13401417771274,-0.0742116176847958,-1.69853157364081,-1.14018522232174,0.0003897245228097,-0.114856791268464,0.0422017986916927,-0.00016389922110871,0.0141148050994908,-2.0083806251082
22897,17.1697377454784,52.4621861889015,5.28066719628146,0.0239353021477022,-0.119670679700647,-0.313200870153821,0.000482239922414529,-0.0920233210982193,-0.245189219363024,-0.000300808889856979,0.0852124150838804,-0.939450897772645
23049,17.1695885816518,52.4657815304356,5.2861066923474,0.0246046647182148,-0.162334802170875,-0.320059700335136,0.000483380261224187,-0.092004223711541,-0.241971031491552,-0.000307785250094339,0.0827862163693247,-0.937224468542126
23050,17.1725319224222,52.4658270505415,5.30414772801691,0.0237409998179672,-0.16103077253382,-0.319444576103848,0.000479451362321665,-0.0919042991861421,-0.240482022373396,-0.000304400285489725,0.0819488517180673,-0.954158023701439
23051,17.1754752719284,52.4658724974876,5.32078169428291,0.0229592359146729,-0.159911998888077,-0.318863822827488,0.000475645338961272,-0.0918023434192516,-0.239054958351396,-0.000301255681137688,0.0811237291729512,-0.96995696890167
23052,17.1784186291478,52.4659178711432,5.33688113481912,0.0222212948489009,-0.158883820518497,-0.318296472593541,0.000471973911390394,-0.0917032483675033,-0.237706184094105,-0.000298220801086227,0.0803366085300894,-0.985195987163706
23118,17.1636270883037,52.4674879348596,5.25357989098825,0.0268194840271683,-0.188690213566986,-0.32503831401494,0.000492244364419414,-0.092211533162331,-0.243630354508319,-0.000318347048004985,0.0833698746034699,-0.901577112694554
23119,17.1665705339572,52.4675336044845,5.27217003002465,0.0258381298111168,-0.186693015642305,-0.324322392142946,0.000487951953043686,-0.0921044759535352,-0.24193435679825,-0.000314713288691218,0.0824362045407483,-0.919474434840936
23190,17.1723829662909,52.4694223957249,5.31219279520838,0.0243189316625667,-0.20587598555278,-0.326535309418965,0.000480133966783633,-0.0919004471083316,-0.237182320851563,-0.000311156617860756,0.0794712997380884,-0.953129866569043
23191,17.1753265546035,52.4694678483518,5.32913617369968,0.0234621036782059,-0.203734135124677,-0.325789463217017,0.000476261122721963,-0.0918045592769712,-0.235770794700098,-0.000307782546060509,0.0786900894770497,-0.969319494248452
23192,17.1782701518618,52.4695132277684,5.34551514684404,0.0226544713363026,-0.201722341182233,-0.325064666746936,0.000472529236190844,-0.0917110360671192,-0.23443974968465,-0.000304527782773636,0.0779460191155543,-0.984920161954051
23213,17.2386815318474,52.4695382621509,5.83243216909705,0.00387771857946007,-0.181709499817543,-0.307392160476574,0.000414699521652531,-0.0909201773294486,-0.217085703063475,-0.000228958509187555,0.0704002725483939,-1.38518585462782
23253,17.1752521846363,52.4712655228922,5.33447017904018,0.0236980555746591,-0.226756234015795,-0.329403361698763,0.000476445519942165,-0.0918129564106884,-0.234101115001241,-0.000311017186292686,0.077465701343943,-0.969492376251196
23272,17.232274286937,52.4713130805148,5.78894781197482,0.005543539706931,-0.197096511863464,-0.31169346438671,0.000419650755207113,-0.0910572298646173,-0.217108749553219,-0.000237762117943949,0.070418026258416,-1.34702190338101
23273,17.2327614168262,52.4712614982054,5.79408426130453,0.0053616445120781,-0.196689843822099,-0.311450607053981,0.000419237218179838,-0.0910541839619743,-0.217034378292549,-0.000237002458548907,0.070401016398872,-1.35109799953966
23274,17.2501857052943,52.4716752861459,5.90890449466269,0.00160242657355525,-0.202326378726497,-0.307652161176346,0.000406776499503714,-0.0908109921099447,-0.213019774895837,-0.000222001493019208,0.06823908093277,-1.44425379568736
27317,17.1722263910053,52.3309091375315,3.44883083878017,-0.087141703572474,-0.588294375704564,-0.391271373982605,0.000839326341911223,-0.0749118079185163,0.0750612058868008,-0.000589021087729534,-0.132451804763072,-0.260256297308729
27414,17.1691435168516,52.3344591124827,3.45998483419152,-0.0813044161344703,-0.567928333315223,-0.382444234407949,0.000831653858981256,-0.0730547271034643,0.069572392592999,-0.000562675356139235,-0.142582458334491,-0.285873083685885
27486,17.0809530886551,52.3366569150939,2.19517681963077,0.131668648427755,-0.591592199421351,-0.342222858559929,0.000847047255068846,-0.0596660212036375,0.179419892176497,-0.000753123842511992,-0.00622150465802207,0.0607387425550883
27534,17.0779405235079,52.3384068134718,2.13347659422021,0.146128604611755,-0.564476207945273,-0.333347267242338,0.00083995635961717,-0.0565755354923052,0.181861085660252,-0.000731275603784039,0.0192949491688452,0.0509237776095688
27581,17.069058076522,52.3400608227749,1.91195502145717,0.185893664060833,-0.4958902903688,-0.32489399483898,0.000821956669523543,-0.0528144917167985,0.197799059437351,-0.000737510559371478,0.202682037909831,0.0921432329586764
27582,17.0719928938141,52.3401087640349,1.98975386304727,0.17410784450556,-0.518466473931356,-0.324639813623129,0.00082753018803464,-0.0529551393998071,0.191269774801679,-0.00072177709026084,0.128404989635431,0.0652074573411596
27624,17.0631098938577,52.3417623200157,1.76792964906895,0.208702469082763,-0.421455641554928,-0.317983090560993,0.000805719432776165,-0.0500586973030215,0.205737886641099,-0.000730530806629765,0.332205647601967,0.119215888572967
27625,17.0660448141227,52.3418104101673,1.84386684612537,0.199054108264312,-0.453747606107722,-0.317110585238304,0.000812984236698209,-0.0497963430173023,0.199626427914009,-0.000712482461518829,0.279478028016751,0.088086909008382
27626,17.0689797425061,52.3418584275241,1.92758967073939,0.185994574827209,-0.475669942493947,-0.317035660668317,0.000819712647333597,-0.0502297471635549,0.192395780249374,-0.00069929719820207,0.195477949774705,0.0623670413809236
27627,17.0719146792286,52.3419063720593,2.01350507083197,0.171458608133655,-0.49109759914046,-0.317474032303132,0.000825871310045521,-0.0510320808061158,0.184715913382377,-0.000689054980991926,0.108304421652157,0.0401792273822252
27628,17.0748496241564,52.3419542432762,2.10116919339777,0.155240610091917,-0.498447452210923,-0.3186580529146,0.000831958233747399,-0.0522982981005784,0.176396577335939,-0.000682217225434893,0.0353145836449507,0.0231331317004901
27668,17.0600962833554,52.3435117519294,1.70879774367569,0.216565643935258,-0.364419561259012,-0.311498972518763,0.000796320619506822,-0.0480091077753402,0.205666286490249,-0.000710654278407345,0.359066803478417,0.12510696617278
27669,17.0630313137748,52.3435599179557,1.78795475323233,0.206350329295338,-0.396620394895709,-0.310640299985991,0.000804447976091366,-0.0478354705814814,0.199055300559138,-0.000693357254859412,0.322983672914621,0.09417222416306
27670,17.0659663535846,52.3436080112948,1.86393560291674,0.197453084354731,-0.430138386831767,-0.30965817196391,0.000811349747885095,-0.0475324227401748,0.193251439765458,-0.000676207891786732,0.267405883938643,0.0614950511412076
27671,17.0689014002841,52.3436560313007,1.95298013918568,0.18272614730212,-0.447772174532413,-0.310128007686203,0.000818341889322605,-0.0484493527446093,0.185404456652986,-0.000667504806513402,0.172295894277362,0.0390142278272378
27672,17.0718364563815,52.343703978743,2.03756060250112,0.169105951506783,-0.464670060567091,-0.31056867620925,0.000824167947795586,-0.049224150039004,0.178131047431247,-0.000658218919480534,0.0905119095385309,0.0160392925630504
27707,17.0600175757252,52.3453093458903,1.7225009211196,0.217057197119853,-0.347749591692287,-0.303656789156499,0.000795274848940868,-0.0453536066509486,0.199801192523143,-0.000671815111383117,0.360808985380061,0.0971031917966343
27708,17.0629527263504,52.3453575150233,1.80407724286863,0.206421062815913,-0.37810055508784,-0.302950967486431,0.000802949433855475,-0.0453214653101188,0.193075835725281,-0.00065597555268644,0.321032880988188,0.0662764493793588
27745,17.0628741301478,52.3471551119436,1.82537706287428,0.204988511249105,-0.356942333969489,-0.295706804972966,0.000801676603701951,-0.0432425962954923,0.186257526984299,-0.000622121923947457,0.314484856557989,0.0417776399233958
27748,17.0716799851945,52.3472991912853,2.08449675643232,0.166035156968032,-0.416781474137096,-0.29703682482657,0.000820158943379001,-0.0457681655529054,0.165061470902838,-0.000599985030421532,0.0648342127149135,-0.0308229675484881
27782,17.0716017381441,52.3490967963549,2.10984453145926,0.164082728473284,-0.392542915960121,-0.290767372314036,0.000818228942321537,-0.0444124359067715,0.158064576577377,-0.00057374228621477,0.0527715724548443,-0.0506927839230684
27793,17.1038918151354,52.3496195097688,2.80509810073437,0.0538952278489919,-0.450907494105607,-0.306835927079042,0.000833405608059362,-0.053593589481701,0.0994614124329445,-0.000509921955648922,-0.177363626336831,-0.226125027514058
27840,17.1449144117672,52.3520697056351,3.37096365231162,-0.0210798886733166,-0.405245601293643,-0.313319276433475,0.000766157093251167,-0.0566973046204686,0.0381437012341266,-0.000394493214843266,-0.224512571626384,-0.408779644699507
27861,17.109609416438,52.353308889207,2.9241712842213,0.0449271766051389,-0.408001799224394,-0.298558778830731,0.000818296137212904,-0.0524355612158729,0.0814168322249351,-0.00045883244230121,-0.196765702147527,-0.285318307095167
27862,17.1125451818697,52.3533558314646,2.96771602907143,0.0387027115547038,-0.408486529225115,-0.299961454640773,0.000816079527890735,-0.0529921652746572,0.0777721886074616,-0.000454366020718947,-0.199613322445195,-0.297491715208196
27895,17.1124685745534,52.3551534774398,2.97844758165536,0.0413405516711229,-0.386106439486838,-0.295174252156372,0.000810723303871094,-0.0522722142032508,0.072882335214338,-0.000438102612123808,-0.202087541684815,-0.309002146649505
27931,17.121200015538,52.3570915305035,3.10811029411195,0.0278800056522943,-0.366070733695125,-0.294705457057567,0.000797239204295683,-0.0532859945225446,0.0582775284617938,-0.000413290548149771,-0.20879968360547,-0.352630270219265
27998,17.1298563180974,52.3608266073413,3.25282817037566,0.0194283365212673,-0.323259082864325,-0.286113552315115,0.000765214854135075,-0.0528990912197744,0.0348331559884087,-0.000368581498616559,-0.219221828911316,-0.411218132360659
28000,17.1357289197916,52.3609194225702,3.32235600072079,0.0113449894391975,-0.32519498453874,-0.287395599890942,0.000754408460569622,-0.0537883636704113,0.0280483068608746,-0.000363995184346565,-0.219824009135511,-0.429625649945706
28001,17.1386652326295,52.3609657205237,3.35697237150987,0.00746347411220949,-0.325991197368438,-0.287793891074138,0.000748085849158114,-0.0541988154456716,0.0243844847467045,-0.000361384984517716,-0.219972628883562,-0.438626334519768
28026,17.1327168094588,52.3626707160308,3.30320012999596,0.0175435847071137,-0.306051880868353,-0.282485692795511,0.00075276876241917,-0.0533626923297377,0.0256922709547283,-0.000356807564240551,-0.216955875115065,-0.425241556243577
28027,17.1356532326174,52.362717089957,3.33673965272851,0.0135906484643291,-0.308920971872567,-0.28336968400307,0.000747872974122321,-0.053977298268854,0.0228243489234856,-0.000356665270322781,-0.215833319764135,-0.432701918685098
28028,17.1385896651151,52.3627633912402,3.37261598146915,0.00984604635964548,-0.309568619764093,-0.283460534369965,0.000740666136201114,-0.0543057772338192,0.0188208593845545,-0.000353428376617729,-0.216508815071448,-0.442849858323484
28048,17.1208949039249,52.3642821424692,3.18034643917338,0.0355515877440711,-0.279198863523646,-0.274920767621865,0.00076396752213171,-0.0515339069790057,0.031271782072686,-0.000353110928683073,-0.211549544543459,-0.390215796080838
28050,17.1267679334516,52.3643754071437,3.25477599292481,0.0273478495918598,-0.281131042037146,-0.276014859144155,0.000753228542718969,-0.0522102353170492,0.0243258907855335,-0.000346869597535297,-0.215383476263169,-0.413870345252803
28053,17.1355775380207,52.3645147570695,3.35805619305984,0.0155804765628895,-0.288937550437936,-0.278337853539455,0.000737575765363735,-0.0538465828052572,0.0153040185565274,-0.000344677907302599,-0.214300205219736,-0.439548758298088
28054,17.1385140890307,52.3645610611689,3.39199620080399,0.0118431792206204,-0.291918931036349,-0.278949151602212,0.000731732595427102,-0.0544091383379965,0.0121989296813467,-0.000344271512571312,-0.213248856667168,-0.447457820185718
28056,17.1443872148704,52.3646534505093,3.46625455251046,0.00510202140458027,-0.290654780890776,-0.278088220619026,0.000713931976582614,-0.0547672704824217,0.00272997405230058,-0.000335094472536015,-0.215952614818676,-0.470568840368969
28082,17.1443118685964,52.3664511258658,3.49442332528849,0.00724850216930895,-0.269683466590976,-0.27258523355539,0.000701561925695024,-0.0546246090689208,-0.00618484670253849,-0.000322538693896601,-0.214471268916988,-0.480039674235286
28083,17.1472485630496,52.3664972138976,3.53175081306392,0.00414347693744599,-0.26928770654132,-0.272133014986892,0.000692301542475071,-0.0548206640540661,-0.0109756397600407,-0.000318389133061293,-0.215421478538948,-0.491654951857299
28130,17.1470710816576,52.3700756067816,3.60324425834222,0.00757070263820925,-0.231537699941356,-0.262160879547416,0.000669103214422109,-0.0551477202096105,-0.0292653957890181,-0.000297762892250707,-0.208531245985949,-0.513580053788814
28201,17.222811413056,52.3874451576805,4.51773921619338,-0.0330405559306932,-0.307977737314502,-0.265726513381992,0.000490086282894445,-0.0717621628330853,-0.0986820205960299,-0.000325814016890524,-0.0910043934563607,-0.802176380883111
28202,17.2257496269201,52.3874893075591,4.53580681277924,-0.0340651056066275,-0.314397931903386,-0.266461436568349,0.000487171152058333,-0.071906845359833,-0.0984160779020087,-0.000326936347852016,-0.0900547484752856,-0.811766883084829
28203,17.2286878496123,52.3875333846549,4.552281796496,-0.0350714895911892,-0.320614857823557,-0.2672645245474,0.000484452246125491,-0.0720551242659884,-0.0980564814074754,-0.000328208361810058,-0.0890683324363373,-0.820390268016581
28220,17.2227391907465,52.3892429040672,4.554747424011,-0.031622139087248,-0.297160636940646,-0.264126500786098,0.000484741581297091,-0.0722084776066527,-0.103857947248066,-0.000320613497653194,-0.0862064599523737,-0.81805003938473
28221,17.2256775251377,52.3892870569784,4.56999617009819,-0.0326266885444122,-0.303542266166176,-0.264962785177509,0.000482101748157507,-0.0723474660949659,-0.103353601762144,-0.000322027708206104,-0.0853111764893377,-0.826096319993326
28222,17.2286158662236,52.3893311369231,4.58496709126052,-0.0336105153207376,-0.309818938593821,-0.265798205014555,0.000479540469972839,-0.0724840358591132,-0.102845327047831,-0.000323416591703561,-0.0844254168852938,-0.834026146036877
28223,17.2315542146637,52.3893751435788,4.59993343906751,-0.0345736164681325,-0.316018086401414,-0.26661925749135,0.000477033437652694,-0.0726171573800638,-0.102349718220488,-0.0003247474669853,-0.0835578984864895,-0.842015972121544
28237,17.2197285165518,52.3909964211517,4.5456748583598,-0.0293551713217708,-0.277172565981516,-0.263460797557769,0.000484757704487818,-0.0726767263114976,-0.10770143929782,-0.000318199775363208,-0.081120407758247,-0.805147427045767
28238,17.2226669620343,52.3910406500564,4.5641163165734,-0.0303420807196355,-0.283902956255872,-0.264095345938081,0.000481837392935155,-0.0727861950578772,-0.107346116414675,-0.000319099891432884,-0.0804662301666657,-0.81554309101125
28239,17.2256054150869,52.3910848055666,4.58723045108843,-0.0312970543130957,-0.290971430163552,-0.26448827498254,0.000478611982563659,-0.0728762226619697,-0.107276024725287,-0.000319369397406162,-0.0799480484584283,-0.829064931871244
28240,17.228543875116,52.3911288882377,4.60455291666904,-0.0322473656322684,-0.297560622230776,-0.26515949891531,0.000475897353774901,-0.0729853419990425,-0.106864001504967,-0.000320351461515786,-0.0792803914145264,-0.838833631450711
28241,17.2314823438238,52.3911728982052,4.62187553649107,-0.0331789603697743,-0.304103658295105,-0.265819671119012,0.000473237750640454,-0.073092125453325,-0.106460811260071,-0.000321294561136897,-0.0786232335419061,-0.848653024914483
28257,17.2255332968216,52.3928825536817,4.58654859294802,-0.0300476310238187,-0.277079631473896,-0.265064602768192,0.000476611342235519,-0.0734680670930148,-0.110190926161366,-0.000319124735634878,-0.0741684492433841,-0.820071150293188
28258,17.2284718775573,52.3929266392563,4.60621808080805,-0.0309692662751386,-0.283804508062076,-0.2655591356896,0.000473739708438142,-0.0735517923695683,-0.109891666511487,-0.000319638649748856,-0.0737002327178562,-0.831660355281315
28273,17.2195837966562,52.3945919053472,4.55202922055776,-0.0269538831590204,-0.250519709947298,-0.264624878334125,0.000480150033217705,-0.0738940455531223,-0.114147224006381,-0.000317594798725469,-0.0693213569066824,-0.790959905051182
28274,17.2225224813137,52.3946361398184,4.5648275313489,-0.0278938861416389,-0.256898673380249,-0.265436271747454,0.000477730892610953,-0.0739845896771705,-0.113384499720333,-0.000318924396338027,-0.0688311960629981,-0.798261052981161
28276,17.2283998717439,52.3947243895444,4.60762505092418,-0.0297123363668419,-0.270349482491156,-0.266127637201294,0.000471687548526667,-0.0741111777788195,-0.11294864234376,-0.000319138240117769,-0.0682225033665347,-0.824184846443814
28277,17.2313385774549,52.3947684049402,4.6234268377757,-0.0306018604061293,-0.276739842707798,-0.266751646086036,0.000469192228294876,-0.0741898207874208,-0.112405201056866,-0.000319971707706659,-0.0677983112226013,-0.833531463352529
28293,17.2224502288359,52.3964338834565,4.57043907935952,-0.0266843883380563,-0.244184357629138,-0.266035109840679,0.000475408102759756,-0.0745509864020537,-0.116772290611607,-0.000318359493875434,-0.0633237773184678,-0.792960607709233
28294,17.2253890392338,52.3964780479121,4.58486605982876,-0.027584369203927,-0.250544320548613,-0.266693116610952,0.000472931031759813,-0.0746190017990545,-0.116099877378645,-0.000319269663180077,-0.0630025150995586,-0.801616116510672
28295,17.2283278580091,52.3965221392121,4.60701614975744,-0.0284704328693355,-0.257170682230651,-0.26693521451552,0.000469890593092798,-0.0746663462975405,-0.115910497693577,-0.000319087864548491,-0.0628218784986316,-0.815320321014497
28312,17.2223779691151,52.3982316270355,4.57623344930187,-0.025487690691099,-0.231790944211184,-0.266732368318756,0.000473179991047637,-0.0751071280724727,-0.120182983366846,-0.000317904690294316,-0.0579312133007353,-0.787761662550906
28313,17.2253168992046,52.3982757941148,4.58978146867469,-0.0263670636923532,-0.238110976402425,-0.267383254471397,0.000470787541540979,-0.0751617444361559,-0.11942768442475,-0.000318793964749917,-0.0577203220548235,-0.796099196969408
28314,17.2282558366985,52.3983198881572,4.60340581287562,-0.0272329529354209,-0.244362091102744,-0.268020291181308,0.000468441811903766,-0.0752164983252763,-0.118695993435118,-0.000319643909075629,-0.0575019701802049,-0.804490091634761
28480,16.798050887692,52.1788074950372,4.20053330620271,0.159417911879387,-1.74294623043454,-0.612499839784704,0.000406984368271829,-0.0975484354165168,-0.0347051081172722,0.000640458810310367,0.459213845669488,-0.26899825750661
28481,16.8009745814702,52.1788620495962,4.18327191344133,0.163365032475333,-1.76590614056687,-0.627023130716253,0.000411824483022596,-0.097079869680222,-0.0247040353899592,0.000633876492861971,0.451995223694617,-0.280259747777563
28505,16.8008858940129,52.1806594001194,4.1722799390418,0.16284781168028,-1.7517318225722,-0.615905454049482,0.000410612410883297,-0.0972830622494563,-0.028824860623196,0.000634441864550746,0.454791801448785,-0.264749577312841
28506,16.8038097140346,52.1807138857991,4.13942760113491,0.168257466716881,-1.78501437910131,-0.624364287800091,0.000418994484823201,-0.0968594618805767,-0.0159256724750847,0.000633827716964874,0.44772040919575,-0.268930530432726
28543,16.8037211347184,52.1825112389068,4.14351990536375,0.166277735382074,-1.76106595462466,-0.619054091240827,0.000414348703066218,-0.0970137122958583,-0.0228779813297848,0.000628590944726815,0.450188816515929,-0.260178579519334
28591,16.8036325457626,52.1843085917255,4.1335678226983,0.165597860600556,-1.74542867655867,-0.608165578425172,0.000412775577257909,-0.0972144809030517,-0.0274258183086502,0.000628522553167397,0.452993353037851,-0.244812909572374
28719,16.7917582296541,52.1876848618484,4.24248715114277,0.14004290813363,-1.56022041619559,-0.541569911297017,0.000371022054939323,-0.0995268434232113,-0.0967766232221052,0.000625241741054672,0.490256374837074,-0.177607322995073
28720,16.7946824933865,52.1877395788689,4.21807106466758,0.145370164237782,-1.59304112064692,-0.55614047823039,0.000378859348481312,-0.0990282298977423,-0.0831521720337207,0.000623120515186083,0.482369446662972,-0.190410147884677
28722,16.8005310486212,52.1878487953429,4.17173274746415,0.155465989313733,-1.65605962497628,-0.584777505104768,0.000393521772056055,-0.0980374506962924,-0.0572219320828466,0.000617386881540955,0.466515811353737,-0.215110759693971
29088,16.8761371689429,52.1982294216768,3.39291110122531,0.271916747245722,-2.26802812373953,-0.720915586701722,0.000544812265806367,-0.0900155971665866,0.173920998575097,0.000624233014546085,0.334336273484983,-0.173482523268945
29517,16.8171081203991,52.2079457199977,3.99284449335073,0.162437773351201,-1.58095672862387,-0.547499354723158,0.000393690038226466,-0.09731283001382,-0.0657023408274569,0.000567722504968178,0.450118444925533,-0.104696668618772
30337,16.833874985033,52.2244456651117,3.77185409702656,0.172106164468801,-1.64588912552492,-0.471708475651781,0.000426675931447712,-0.0960690287676425,-0.0503835958423409,0.0006021553314116,0.424456493920736,0.010418009840123
30429,16.8279337513528,52.2261354173667,3.82946585883701,0.15445467026349,-1.48430761144121,-0.431731894904743,0.000393290782203713,-0.0975649752664989,-0.104470978162396,0.000573952814107333,0.451413395819884,0.0727340389178153
30430,16.8308606113671,52.2261892651771,3.80084562101274,0.161292843790768,-1.54869070539516,-0.443733060730551,0.000407430275676676,-0.0969343054586442,-0.0834280019493079,0.000586673927759393,0.439856719883949,0.0524324347179572
30431,16.8337874800059,52.226243041052,3.7562120219236,0.169981897543764,-1.62173787915128,-0.452439494598082,0.000424837612632636,-0.0963483017410276,-0.0592384546172369,0.000603213986862111,0.428711560583402,0.0383057176743478
30432,16.836714357672,52.2262967437511,3.74140608143603,0.174586609034918,-1.67207194191525,-0.465615192701961,0.000434234640829721,-0.095740356999185,-0.0435239419055904,0.000611107172146068,0.417501244352792,0.0178469159900487
30433,16.8396413866382,52.2263501305293,3.72270923628048,0.17942900774468,-1.72284271122589,-0.477620321526359,0.000443956667230051,-0.0951388934805859,-0.0277237130165986,0.000619001022419984,0.406321925595243,3.03297827031201e-05
30524,16.8278460008221,52.2279327856896,3.83617300485957,0.148635501407682,-1.43749845443341,-0.413639781186987,0.000384311518281756,-0.0978758858549327,-0.121874424088226,0.000567158904114212,0.456822480808732,0.100120754181944
30525,16.830772979005,52.2279866373501,3.80755829467557,0.155750200702009,-1.50456630042035,-0.426292586498903,0.000399092794327611,-0.097226571542258,-0.0998344630434218,0.000580580823945798,0.44474985863669,0.0779359622044922
30526,16.8335846144272,52.2279127329882,3.76056293232773,0.16526766757147,-1.58325446306299,-0.436243462974289,0.000418001481828717,-0.0966205418714381,-0.0734068323113206,0.000598499516509629,0.43315188095081,0.0613685021723995
30530,16.845379848904,52.2282333462048,3.66336234979053,0.187418891358348,-1.80102756879344,-0.481181684169513,0.000462105474729191,-0.0942281441663777,-0.00463269988342674,0.000637644708766663,0.387560071300996,-0.00389839345257315
30531,16.8481840406378,52.228001292561,3.63649102240834,0.192865288991783,-1.85229410613829,-0.492272573385975,0.000472083604193853,-0.0936414094683133,0.0114922866042377,0.000645347610425631,0.376737124126699,-0.0164715577232073
30532,16.8510206833188,52.2277056455621,3.58928958091565,0.200656968124434,-1.91253893191504,-0.499687344891299,0.000485668329851783,-0.0932057585598329,0.0311428938452529,0.000659013781188676,0.368036549644913,-0.0194686530103354
30533,16.853900765725,52.2276463820032,3.56368520131468,0.205137954135616,-1.95553512048318,-0.508409139543971,0.000493611647027114,-0.0926410080460069,0.0441158222888767,0.000664699394730905,0.35770662389244,-0.0274890953555769
30597,16.7575107400853,52.2284158720512,4.24008181961995,0.0954267858575406,-1.39376821635216,-0.224756792579697,0.000396877229553893,-0.106236728354941,-0.210514527833936,0.000709744387633389,0.575759760849659,0.12906864126046
30619,16.8210569842019,52.2289568163524,3.86556810226716,0.134197765819742,-1.28382187835084,-0.36557968177658,0.00035472950672566,-0.0995755655671484,-0.173245194942126,0.000542369636161166,0.487406754759377,0.179107875689624
30621,16.8276537950822,52.2294282376957,3.83819336547185,0.14390834242765,-1.39754254362555,-0.396486106380138,0.000377131080295679,-0.0981755846549497,-0.136748604595134,0.000561865352875335,0.462024662736972,0.126388280460105
30622,16.8303674578828,52.2291889875139,3.81006798889757,0.151720623079946,-1.46950468657164,-0.411568027497111,0.000392862613971083,-0.0975143868179433,-0.112624954385744,0.000576039993267233,0.449666622455162,0.10015282909967
30623,16.8323538300877,52.2289607306076,3.76933597284528,0.160124137436661,-1.53650241185463,-0.419988681914674,0.000409308801685288,-0.0970431614345202,-0.0896829381149686,0.000591449065513783,0.440636460178084,0.0859969043965521
30625,16.8446677948278,52.2292619398756,3.67669239468728,0.183298749035075,-1.76845329510303,-0.470857172893716,0.000455873842269798,-0.0944659581722593,-0.016076813682588,0.000633272375566783,0.391249726889406,0.00775718125146341
30786,16.8100188980486,52.2330001917781,3.89280135996933,0.112303849080106,-1.05011023494717,-0.278757374446968,0.000313736324942946,-0.102323001231362,-0.255012397670271,0.000518466063355746,0.536757223284457,0.319852719786468
30867,16.8099304027509,52.2347975364182,3.86850675461505,0.111663918541396,-1.04167707410321,-0.261577349645705,0.000316505337147222,-0.102491202427379,-0.259896373183096,0.000522640084831355,0.540240167054485,0.346931125053288
30868,16.8128577963842,52.2348518370819,3.84888328455531,0.115192495084493,-1.07327025176411,-0.264155369663627,0.00032365040671214,-0.102058528800805,-0.249490072789484,0.000522423061343064,0.532591800518809,0.338964462017202
30869,16.8157852003197,52.2349060652538,3.85149633555693,0.115215896518713,-1.08920075856739,-0.27441856758216,0.000324591442207173,-0.101575364297053,-0.244642476363808,0.000521931792724015,0.524633570913426,0.325243821067716
30870,16.8187126136693,52.2349602209409,3.84247098388573,0.117979717316409,-1.12534822003005,-0.284916633395866,0.000331217296326451,-0.101034993670691,-0.232905145267111,0.000525515111526778,0.514906750573768,0.307621511548405
31347,16.9031030759373,52.2472838810228,3.12544145364575,0.347959369218984,-2.43224440752564,-0.575064797101078,0.000651994706793119,-0.0997339187144402,0.236157237202794,0.000970461388287332,0.398314351540087,-0.05272638901954
31348,16.9060314695408,52.247335879609,3.1184174226313,0.355338996167635,-2.45173030829109,-0.585113722175464,0.00065400434125403,-0.0999574151926579,0.243236794972895,0.00100670008288916,0.403205694096503,-0.0634473088922505
31394,16.9030182958948,52.2490813307053,3.13200952722673,0.346456249781404,-2.43645334951356,-0.568521245752478,0.000657418513585352,-0.100146143736484,0.234367730198672,0.000971320235611882,0.389144065438479,-0.0478650225676347
31460,16.8969912396478,52.2525719930305,3.15582189695988,0.31933605771647,-2.42101264688623,-0.515041806396297,0.000661380176516622,-0.0994347223537506,0.206355655769099,0.000980323309210815,0.341456794131076,0.00242866296287048
31612,16.8485599003861,52.2611045006448,3.66739288827625,0.113112731019932,-1.13789355197592,-0.0617144569469303,0.000393665029863002,-0.102255193468507,-0.282598809143401,0.000603365639831932,0.336029195977602,0.52608368043434
32230,16.959692270731,52.2914502646561,3.49167718993363,0.49209969562296,-2.74150120814252,-0.837618130529614,0.000879792864621775,-0.146395274791457,0.35696007493809,-0.000692132217605904,0.0333793580509862,-0.149662769370707
32263,16.9625411753075,52.2932983931391,3.38559380023332,0.501136266395537,-2.68004243996076,-0.844174808404285,0.000866173703427524,-0.145967056522609,0.363390408470741,-0.000764934296875793,0.0313054162443294,-0.113509257896851
32267,16.9732339307674,52.2940774794046,3.14938281186181,0.529105040582182,-2.56414729500749,-0.828862816210904,0.000798653527695446,-0.144561958633671,0.382995004793482,-0.000871661886004137,0.0232846062319485,-0.045477241076469
32391,16.903572674256,52.299461757613,3.790686988468,0.343890635975967,-2.39557022350938,-0.669131548475384,0.00103608238174257,-0.142170865926147,0.203316012053354,-0.000641968298426859,0.0262894315129856,-0.0823516243083304
32409,16.9563470701664,52.300387046588,3.36277746018186,0.490738397950242,-2.62818387042009,-0.860849067295894,0.000904202971531137,-0.145981804452564,0.3556738803063,-0.000825825007479776,0.0336416996017661,-0.0913208980811078
32444,16.9562642850434,52.3021845403155,3.31229449190346,0.491781499257106,-2.58361002412916,-0.862685931175827,0.000904091778272071,-0.145462547836484,0.356506448406047,-0.00084437986218356,0.0329205287383765,-0.0749181858464567
32445,16.9591963969563,52.3022352578649,3.24315681101905,0.499398557337368,-2.54958590447885,-0.863270913434566,0.000886278086693413,-0.144885209955242,0.362092793786142,-0.000863016425532152,0.0317201129299782,-0.0559319329437358
32461,16.9063348979593,52.3031086555875,3.8162619881673,0.361486452078111,-2.41533367677184,-0.70750399979374,0.00105496379466495,-0.145828015875439,0.219661334613969,-0.000718216982493941,0.0236255836890749,-0.114538871174886
32462,16.9092669807725,52.3031606128171,3.80457793542109,0.367841106425175,-2.45917367311904,-0.72250730800063,0.00105642643534989,-0.146076545117628,0.232243336911238,-0.000722385980717458,0.0246086828060612,-0.122170989843767
32478,16.9561814904826,52.3039820337915,3.26964986882581,0.493204992557482,-2.54688049736403,-0.864636698769116,0.000903863223726339,-0.145145423972101,0.357422972858008,-0.00086163045241304,0.0320828111304863,-0.0607170188728219
32479,16.9591137210533,52.3040327542178,3.21129333416627,0.501505405913161,-2.52536955042248,-0.867042292299896,0.000885877913022472,-0.144836304451584,0.36321560943937,-0.000881125745847158,0.0311375341044986,-0.0445688048763486
32495,16.9091822793969,52.3049580526556,3.83298977123195,0.37335210928002,-2.44755676195489,-0.731970454630755,0.00106218879191759,-0.147926430086308,0.231275295640697,-0.000754866787341449,0.0231222411734606,-0.134603425771502
32510,16.9531663460018,52.3057287302208,3.28427069712836,0.486075817223306,-2.52827873963977,-0.861820917131554,0.000921071965605312,-0.14509424501481,0.35233396362105,-0.000858243287479118,0.0317814845892492,-0.0625733268765316
32522,16.9091337704072,52.3067350541941,3.8471921977175,0.378771665352474,-2.4315695554142,-0.740182324638592,0.00106514763182656,-0.149182509315271,0.231555196821417,-0.000778725702231503,0.0222187693414853,-0.14487359205441
32599,16.9381706227322,52.3126635419467,3.57728482093376,0.459326666687314,-2.59070781567637,-0.860100006021582,0.00100361847594465,-0.149593097978763,0.323034441538729,-0.000860733789730214,0.0324604112979614,-0.144665151306981
32601,16.9436551331403,52.3125554470592,3.43661557411792,0.473493829410678,-2.54946777192929,-0.868988838989958,0.000974788248518921,-0.14811483733052,0.336767599664959,-0.000878345007358741,0.0316175792332913,-0.104399297087923
32608,16.9087586427855,52.3139452417993,3.94756233214775,0.40272656654458,-2.35765537694731,-0.764992133925457,0.00106477365850825,-0.154635093028137,0.225827063481838,-0.000853421349988143,0.0196890484556391,-0.20503289293049
32633,16.9321375041418,52.3161559023944,3.69088635461401,0.453708498328332,-2.55828030499904,-0.85477159590199,0.0010247305140437,-0.151604542520108,0.307774557692396,-0.000867749704814055,0.0321442536482905,-0.186827896322256
32650,16.920237040167,52.3195447688108,3.83580156747121,0.436378890619601,-2.42347520201423,-0.819965787269291,0.00104988184429669,-0.1543907794556,0.271309976552026,-0.000876408497097622,0.0255918524746548,-0.224849400860762
32651,16.9231702330151,52.3195963920781,3.80782413349448,0.443760323459358,-2.44773213049213,-0.832296954970454,0.00104375816293067,-0.154009410625401,0.280253916128572,-0.00087703230011936,0.0280267159006726,-0.223957366936816
32657,16.914286135231,52.3212387442308,3.92714902911234,0.431110620086372,-2.34030312031307,-0.799546408490334,0.0010509971045023,-0.156358408801301,0.248593058491451,-0.000882253990267451,0.02103362852516,-0.250002996925218
32658,16.9172194303587,52.3212905164782,3.88032673091811,0.434775125039259,-2.371354181854,-0.809778130977836,0.00104963327298686,-0.155412451319064,0.260662939799786,-0.00088048341139628,0.022795516559313,-0.241469438449826
32659,16.920152733624,52.3213422159766,3.84040793933809,0.439573727368263,-2.39768004734191,-0.819927730082579,0.00104652294692695,-0.154660347452145,0.271077909934522,-0.000879572582132268,0.0247033150608118,-0.235298452488792
32664,16.9112681787139,52.3229843357762,3.98770919341337,0.431076600164332,-2.28634931283578,-0.788898151305105,0.00104652121203119,-0.157702982653275,0.235496200109738,-0.000885911374987489,0.018111763338382,-0.271923102123196
32665,16.9142015828017,52.323036184397,3.93610514010356,0.434429221438549,-2.31849993090495,-0.799693224329264,0.00104669803450077,-0.156682214714678,0.248607542057856,-0.00088425209301049,0.0200329847472887,-0.262343100950034
32666,16.9171349964728,52.3230879595512,3.88632787773531,0.437615541536566,-2.34857782327106,-0.809296408404439,0.00104577227226554,-0.155639285710073,0.260816943109025,-0.000882148544712733,0.0217074895407805,-0.252640245310772
32668,16.9228717965178,52.3230674953272,3.81101857128601,0.449043088303711,-2.39163231982332,-0.830476838469627,0.00103760905897282,-0.154299153891817,0.279260171264313,-0.00088188927850516,0.0261882139498866,-0.241850591887101
32681,16.9140324515294,52.3266310622649,3.95756517155178,0.440898634489606,-2.27561915714923,-0.799170478346046,0.00103708169360239,-0.157267934750477,0.24814265000484,-0.000886131720089611,0.0181033855416217,-0.288480712539013
32690,16.9168816423082,52.3284802860733,3.91923589414705,0.447875748693157,-2.27606040047788,-0.808001739388663,0.00103085460083144,-0.156522814863672,0.258710245732208,-0.000885352162416489,0.0191618328385346,-0.292495836749595
32791,16.8671006589375,52.2646282964806,3.28494626648148,0.215217231916647,-1.84731048371461,-0.279380261848516,0.000597102289730943,-0.101491667829144,-0.00730799121100389,0.000629515537384689,0.144418445085762,0.319299413439921
32799,16.8640847932237,52.2663727187729,3.29969088675239,0.207625037396475,-1.76548215282638,-0.261872243232787,0.000589611563778854,-0.102648897287427,-0.0362732627784048,0.00054084664082224,0.126449124650591,0.369004871437596
32800,16.8670143711332,52.2664256990324,3.2777146888925,0.217454351439002,-1.84042816286446,-0.284869969164532,0.000607594233923765,-0.102533574540045,-0.00802839798953059,0.000566075285001355,0.111305817581794,0.335001559934312
32801,16.8699439582112,52.2664786067859,3.27079738423959,0.224657128180624,-1.90140149887855,-0.298770172313326,0.000620895730515748,-0.102432935211587,0.012665382018195,0.000606234198123889,0.096492326312557,0.303194950056195
32808,16.8532430234018,52.2683961654376,3.42296049821471,0.16334957365747,-1.39842369335699,-0.143462147469116,0.000511124108017156,-0.104732400355481,-0.183427799235794,0.000421314922875921,0.160059458247815,0.551090225803591
32812,16.8639983771524,52.2681701177931,3.28484461118819,0.211386142131815,-1.76639692657891,-0.272959724178946,0.000602864371509765,-0.103671996894262,-0.0334389124703272,0.000467394592728876,0.100982335151869,0.38389506082126
32813,16.8669280739107,52.2682231014599,3.26272321237957,0.221429496416931,-1.84184701314291,-0.297228090501811,0.000621379353703985,-0.103583147633037,-0.00424203346506147,0.000488503527927842,0.0901292760495522,0.348508910951523
32814,16.8698577793038,52.2682760120405,3.25002157575341,0.229918063732057,-1.90789558782519,-0.315943654905027,0.000636826102174321,-0.103537209241264,0.0198412832210835,0.000517649518581464,0.0820753271648584,0.315491765156253
32820,16.8492629004164,52.2697015596995,3.45171684716342,0.147555217019374,-1.26810424794712,-0.095985048339692,0.000486866006538161,-0.105569819143378,-0.238624219296106,0.000401836746707407,0.180791649801975,0.631764593326579
32821,16.8522094302909,52.269781380959,3.43718880518236,0.159552403970423,-1.3518334873373,-0.128360529623485,0.000508292216057946,-0.10558016532714,-0.203929108312451,0.000386750644865153,0.149508555531014,0.582698589516667
32822,16.8551225636044,52.2698081192963,3.37202246198831,0.178062377692157,-1.48664963216702,-0.183899582033,0.00054432784242647,-0.105230743687645,-0.146295006540839,0.000363165979772345,0.128807808595766,0.528698601344786
32825,16.8639119527136,52.2699675159793,3.26791157070534,0.215973030069271,-1.77160644777946,-0.287748464964459,0.000617925826260728,-0.104684482466574,-0.0281869935415529,0.000386962865551815,0.085267905372433,0.395826038626524
32826,16.8668417674188,52.2700205027599,3.24943741072661,0.225591472835049,-1.84404112044041,-0.311008635623907,0.000635886643780316,-0.104624300620314,0.000197179019053806,0.000407477428177261,0.0787088349048872,0.359292179944418
32827,16.8697715911442,52.2700734166763,3.214067142148,0.238665878672144,-1.92679211583882,-0.34453082381345,0.000657913207522409,-0.104640184981648,0.035301479084616,0.000409783698826327,0.0729770830629093,0.323082616416855
32832,16.849175991258,52.2714988720613,3.4128080402179,0.155931391458893,-1.30387652784906,-0.116935662977035,0.000509799618105052,-0.106332083211797,-0.224769696266655,0.000325701421719338,0.169479288453417,0.643216348981014
32833,16.8521058782421,52.2715522256836,3.41713050330213,0.164783293531315,-1.36586286749601,-0.140614240775449,0.00052494788299513,-0.106456800549763,-0.198984806641462,0.000320090821264329,0.137683409009355,0.596427583741843
32834,16.8550357743954,52.2716055065354,3.3567372275354,0.182984718844168,-1.49632396340891,-0.197047662243918,0.000559992392333071,-0.106178859271829,-0.141876994043997,0.000291436797333205,0.116569166699875,0.540334713267839
32836,16.8608955951196,52.2717118503299,3.29920203146185,0.20663543134696,-1.67872838839872,-0.26389860922589,0.000607063502333176,-0.105854045549666,-0.0652363464652943,0.000307215610431261,0.0863633644377586,0.447245894988782
32839,16.8696853939501,52.2718708210981,3.20403101417969,0.24300429104607,-1.92736507353574,-0.359110490107341,0.000672761591053908,-0.105687975182541,0.0403805570951619,0.000327052208619449,0.0680054649422672,0.3294561583117
32843,16.8490889564924,52.2732962516088,3.38994288651429,0.162597282288218,-1.33036276973607,-0.133743104964907,0.000530027474856924,-0.107165864361816,-0.215163770349392,0.000255912118363122,0.159229658036807,0.650854215586605
32844,16.8520189619931,52.2733496086573,3.39711295453822,0.171084484424703,-1.38746477836787,-0.157780063332396,0.000544092955320822,-0.107363584764999,-0.190663485667045,0.000245978695419591,0.130392017291086,0.60479311460449
32845,16.8549489767805,52.2734028930478,3.36537913986876,0.184782696482287,-1.48685927566842,-0.199892292524019,0.000570203155910873,-0.107247501714157,-0.146957699141318,0.000231122430405406,0.109606961880999,0.55177655212708
32847,16.8608090344107,52.2735092435922,3.31179137747154,0.20763557079092,-1.66458493452615,-0.266649121012151,0.000616332678162301,-0.106962297556592,-0.0709782518466042,0.000243152340351355,0.0844687859422208,0.457376732176726
32855,16.8519320366009,52.2751469909036,3.38954001060756,0.176228282109975,-1.40226339269475,-0.171385564164503,0.000561416439833873,-0.108346150867307,-0.185657651465,0.000177321493872951,0.123395787803616,0.610238051739429
32856,16.8548621701141,52.275200278668,3.38075040172976,0.186276100394757,-1.47557706270545,-0.20165923800905,0.000580242321141618,-0.10838708851805,-0.153376438328078,0.000172114851798355,0.105525591461173,0.561125272804702
32858,16.8607224638632,52.2753066364639,3.33254255997349,0.208169071894815,-1.6470137863887,-0.267743264719662,0.000624909183617767,-0.108157661405768,-0.0788092514508527,0.000180591952279402,0.0840763978417556,0.465776817149617
32870,16.8518451020628,52.2769443728634,3.40423847788293,0.177863834289283,-1.39704036995809,-0.171909408672022,0.000573668764350041,-0.109444937363119,-0.190907610858275,0.000128767598941038,0.116006357783363,0.61754095074582
32893,16.8517581586383,52.2787417537009,3.4099273070035,0.181944044587361,-1.40844743312061,-0.181628867201695,0.000591018261807826,-0.110547833545002,-0.188463311593701,6.86286589878793e-05,0.110941005561791,0.618454250963168
32894,16.8546885277074,52.2787950482385,3.43867513173336,0.187007994833785,-1.44160205978814,-0.195372382471781,0.000598940730864993,-0.110951461901003,-0.174075666633009,7.00726852942979e-05,0.104795249666552,0.57540041981224
32895,16.8576189075944,52.2788482704238,3.43454100805366,0.196035528014328,-1.50837445892445,-0.224081705116895,0.000616022050751099,-0.111059381407127,-0.143878282881673,6.54582679668336e-05,0.0964775702180987,0.527145366443165
32911,16.8370189013861,52.2802715535209,3.11088147515966,0.175154449236111,-1.46061492796454,-0.150515854590843,0.000632742137791933,-0.106892162704655,-0.16779406097492,0.000103837622455805,0.246723719952755,0.771426271517498
32912,16.8399493437748,52.2803252151895,3.17139148977935,0.175413735234471,-1.43780564434749,-0.15425673434472,0.000623948608333588,-0.107907992460961,-0.178520441924583,8.49510934695652e-05,0.194379366837886,0.754290576041171
32916,16.8516712052433,52.2805391340229,3.43009726416017,0.183170759317079,-1.40709048642844,-0.179430504403207,0.000606411266953771,-0.111741956215754,-0.193416733260484,2.82975940548713e-05,0.109482981684643,0.621741797334266
32917,16.8546016937295,52.2805924323383,3.45685218051767,0.190111596290755,-1.44499911079664,-0.20217340262797,0.000614996795436969,-0.11224778153027,-0.175349161680927,1.03777439466879e-05,0.103546079199425,0.574995250658048
32935,16.8369313470182,52.2820689162749,3.08159559977503,0.179489677219237,-1.49829858095947,-0.157581263568623,0.000661430345011639,-0.107488527324184,-0.15395527893692,6.31457465090635e-05,0.201025324017941,0.773027551063137
32937,16.842792477908,52.2821761732138,3.2199122072584,0.180867138014385,-1.45387396859562,-0.166850909226717,0.000644260915370328,-0.10973144431801,-0.175086795725427,2.266056609318e-05,0.126218601168794,0.727241628835372
32941,16.8545148505081,52.2823898153409,3.48008169225864,0.192799937920782,-1.44905853872162,-0.206858940504489,0.000632284542469389,-0.113633147282593,-0.177187803516553,-4.46188020067351e-05,0.102982021139468,0.572501225159954
32964,16.8514972723166,52.2841338930247,3.44466679433344,0.192801055243024,-1.45187357394836,-0.20399826838522,0.0006522115490085,-0.114240473025999,-0.179865478703512,-9.44974195496995e-05,0.103835130980322,0.608403033646027
32965,16.8544279969636,52.2841871980123,3.50609771305676,0.19519756299588,-1.45553824206428,-0.209853577407102,0.000651998347457732,-0.115125815701525,-0.17875017479021,-9.65000498976409e-05,0.102862584169159,0.568236387995285
32989,16.8543411352203,52.2859845796078,3.52561754045655,0.199018852758286,-1.47405050121252,-0.21858603958794,0.000676625665771658,-0.116688386224737,-0.174405289393455,-0.000154790519065751,0.101322987278913,0.558998660652378
33014,16.8571852355224,52.2878352001228,3.61156379487261,0.206729151118743,-1.5025627359461,-0.240814302349094,0.00070309717971209,-0.119430451888615,-0.165249425413442,-0.000226611008206479,0.0968134373608507,0.50213226340054
33015,16.8601162155124,52.287888366506,3.65998419219409,0.21109395325292,-1.52029217653291,-0.255782917990622,0.000705517668720452,-0.120232235124938,-0.15660751275464,-0.000235597259563097,0.0923185787675536,0.458245866237917
33040,16.8600295722898,52.2896857537473,3.71539557101141,0.213835993643805,-1.5286784911458,-0.260417533500362,0.000731622290224971,-0.12268795355762,-0.158188684825891,-0.000296489166306146,0.0924917455722323,0.439670230200136
33041,16.862960680199,52.2897388506607,3.76875946820701,0.217710850541764,-1.54568099976635,-0.273268464971686,0.000734222889567988,-0.123599592029676,-0.15061783785071,-0.000302843011228127,0.0876996466520836,0.395114692859806
33064,16.8570117031169,52.2914299673179,3.67218789451181,0.216356390569771,-1.56348105947148,-0.26648865906553,0.000770567450834207,-0.123920656622644,-0.144847121309837,-0.0003526357816582,0.09325557238963,0.456705657958196
33065,16.8599429203092,52.2914831409496,3.76444455808064,0.218225574323526,-1.55198893201444,-0.271548190130876,0.000764417286998331,-0.125374680512774,-0.152120600105388,-0.000362038665861569,0.0914245739900537,0.413847326395057
33066,16.8628741462826,52.291536241316,3.83242004137128,0.221846643151508,-1.5575636931769,-0.2838058554307,0.000762107604517282,-0.126457284441317,-0.149852346177834,-0.000371308035619938,0.0868313075099323,0.369147644407349
33089,16.8598562587832,52.2932805267687,3.80145201373284,0.22495260842252,-1.58861200156419,-0.293048960790806,0.000800423908691116,-0.128097191993815,-0.137536679452534,-0.000432916348778567,0.0886785475721652,0.3816516875562
33090,16.8627876033116,52.2933336306504,3.89117521143839,0.227423016110606,-1.58096928613325,-0.300116904197118,0.0007947691737904,-0.129539400440031,-0.142970445420335,-0.000442006777626597,0.085084171239771,0.337337085897389
33112,16.8656325234802,52.2951840542691,4.02747103860702,0.237493415303824,-1.61154973643574,-0.331041737308112,0.000825796620777007,-0.134147809041268,-0.133204062494073,-0.000520225482833314,0.07732946453784,0.25543603759445
35643,16.6634692251584,52.4010950434673,7.36351130967819,-0.00654785242813549,-0.839708500383178,-1.18786309292736,0.000354056292451044,-0.127714608951114,0.229473344640658,-0.000351537183412909,-0.118880320749717,-2.60015830613867
35645,16.6693454174777,52.4012110923121,7.36498909916929,-0.00323161581285891,-0.808325431540162,-1.20428876568316,0.000355853365062511,-0.128973584385551,0.230013034562806,-0.000400951186211473,-0.130976794043626,-2.59570057670129
35648,16.6781597798016,52.4013846178096,7.33869455428237,0.00105391521326936,-0.762648141354475,-1.23105787091405,0.000364014929413067,-0.130788109625294,0.230786588259027,-0.000474825364457448,-0.142669454261103,-2.56929782397742
35649,16.6810979214181,52.4014423138887,7.33340888402131,0.00181266245487421,-0.747939023386635,-1.24069862154241,0.000367060265539756,-0.131296639846934,0.230561862429017,-0.000494199648348514,-0.145170281651133,-2.56260439658035
35664,16.6663124477817,52.4029502196913,7.38470610594163,-0.00366488445770496,-0.851756549707641,-1.1848010019796,0.000348975386137439,-0.128877135305586,0.232713717916844,-0.000373266904339392,-0.118070392181139,-2.61040150904302
35668,16.6780653878771,52.4031817481227,7.37609665996411,0.0015568844025502,-0.784850457556303,-1.21955579125164,0.000355441043998855,-0.131081251492878,0.233168263021991,-0.000457354568531854,-0.13632677740906,-2.59583923962947
35826,16.7776102779717,52.4122916019685,6.27598280730865,0.336954689495101,-1.03135208167383,-1.29665941831807,0.000612343190493934,-0.201530656736063,0.677539506839908,-0.00087665609526455,0.127722651887481,-2.55303218951042
35959,16.6362580923433,52.4149458143076,7.45811948063226,-0.0246694758575861,-1.45545398031006,-1.08538791909479,0.000358456164431635,-0.129048630467842,0.24323621834497,-0.000166787862480117,0.0281782482441173,-2.57763376929699
35960,16.6391970457971,52.4150045621935,7.45954233305883,-0.0240481688034442,-1.43930652531089,-1.09324692762192,0.000357805922142886,-0.129704853234261,0.243850711981828,-0.000184006445368118,0.0219541181043965,-2.57507887382178
36028,16.6332228872876,52.4166840621844,7.45443451103313,-0.0275041948486234,-1.54291895752196,-1.08111701829827,0.000363989640360069,-0.12948166072762,0.244451942165911,-0.000150273774731174,0.0473071808498631,-2.55733712896102
36029,16.6361619508533,52.416742886629,7.45539676259909,-0.0270627749697834,-1.52757579279299,-1.08907106816275,0.000363409816381804,-0.130139471631542,0.24506297493465,-0.000166333956032938,0.0412891612080841,-2.55414178823747
36030,16.6391010240381,52.4168016381838,7.45512889929557,-0.0265771631543776,-1.51253467665206,-1.09722807219839,0.00036307741833403,-0.130803402418833,0.245699338559731,-0.00018240709596426,0.0352219484999594,-2.55011134224634
36078,16.7801882196505,52.4195358477043,6.3542825870511,0.276208504104265,-0.988063136353254,-1.32283185854258,0.000648089390929023,-0.200256063445609,0.714169154277679,-0.000692558573039515,0.167388770239029,-2.66813669935595
36079,16.7831277751522,52.419591021265,6.30587633148673,0.274188989838766,-0.959155757846283,-1.31710161951452,0.000660910439877004,-0.200854716073401,0.727101192405701,-0.00069732917154286,0.173159198514753,-2.66744186482549
36080,16.7860673390451,52.4196461217231,6.30196128312605,0.26716033994553,-0.926005074813297,-1.31610090770705,0.00067350297191493,-0.201164716352469,0.726923361261535,-0.00069930925375114,0.177345244850883,-2.66721081773346
36098,16.6331266166643,52.4184811297043,7.45741386555926,-0.0292568647908906,-1.61237115810508,-1.08306758198609,0.000367846330571943,-0.130433888734697,0.246136377286876,-0.000148889953065667,0.0592074464494914,-2.54026305011348
36099,16.6360657988103,52.4185399581394,7.45445080008744,-0.0291136566643013,-1.59786406691939,-1.0920789069264,0.000367887650104332,-0.131132412057503,0.246785811126925,-0.000163828770568364,0.0535206539243589,-2.53352578694694
36101,16.6419441943136,52.4186573961033,7.46053184410198,-0.027683288305512,-1.56876987282026,-1.10611227643058,0.000366376329569811,-0.132358064219731,0.248037931903673,-0.000193767979773579,0.0406770715582709,-2.53181387789044
36146,16.7742185953398,52.4212225260323,6.84949659455754,0.197051699915342,-0.96967674241219,-1.37011352799851,0.000628434959464873,-0.190609198642786,0.561028503787585,-0.00061763441758364,0.136601427680745,-2.67220645803138
36147,16.7771582503278,52.4212778491699,6.64374994641594,0.22295389250829,-0.969156375574308,-1.35300795108238,0.000643150260340834,-0.194445084371912,0.630377491895436,-0.000628505542372954,0.154062850397963,-2.68231988314483
36148,16.780097914312,52.4213330991927,6.48292149711313,0.235313654272819,-0.949239589405323,-1.34183752423618,0.000655642269753808,-0.196472575446609,0.680222438239838,-0.000636511768979137,0.166360045805888,-2.6853242309777
36149,16.7830375887511,52.4213882764546,6.39130229874081,0.236163056231469,-0.917046071513223,-1.33718664985457,0.000667234985904784,-0.197369947378794,0.706882261063337,-0.000640971225296938,0.174556428317274,-2.68561232547211
36150,16.7859772725113,52.4214433803838,6.369401134952,0.226817303736635,-0.875725265804626,-1.33783271089303,0.000679052298502458,-0.197418057439666,0.711203202269614,-0.000640693698493427,0.179215472249524,-2.68420806522352
36151,16.7889169653731,52.4214984115251,6.37664569450442,0.218011627769819,-0.838243790599641,-1.34209659054229,0.000690136215952285,-0.197849534128368,0.709505403966719,-0.000643001873982113,0.184120642147775,-2.68621554966046
36152,16.7918566674746,52.4215533698071,6.41167402528185,0.204775602910907,-0.796400631951727,-1.34859078448407,0.000700216155935698,-0.197893658646937,0.699324930380817,-0.000644886606014305,0.187749560645386,-2.68827445564125
36153,16.7947963803792,52.4216082545995,6.45239331340815,0.18769619819005,-0.747663832728836,-1.35525451292884,0.000708281985036301,-0.197337380876162,0.685995684758415,-0.00064714167548538,0.190262641494328,-2.68922531908697
36217,16.7770678160957,52.4230750965118,6.78921141988963,0.180319715459504,-0.941486555336109,-1.37393669599768,0.000651857563422897,-0.190605969043551,0.589359707968565,-0.000567733369702034,0.151044965282253,-2.6926218086553
36218,16.7800075996978,52.4231303504729,6.63694857030907,0.188645687930084,-0.913110392998501,-1.3651671680025,0.000664589359352444,-0.192282837734536,0.636214029642498,-0.000572662068042351,0.163002225166039,-2.69581423581269
36219,16.7829473929425,52.4231855309548,6.50567315104797,0.193477288550667,-0.879850931482181,-1.36072728846573,0.000675239795858949,-0.19362948828835,0.676342287905902,-0.000578508588920307,0.173825039583647,-2.6983926883197
36220,16.7858871964684,52.423240638601,6.44088334334526,0.191149081561388,-0.842731226556378,-1.36224950319406,0.000685518360570431,-0.194579049306951,0.697040654058909,-0.000583729759135981,0.182210354702676,-2.701366669496
36221,16.788827008913,52.423295673319,6.45167304228471,0.174823146566183,-0.792440872720338,-1.36757233269694,0.000696710843763465,-0.194184419546749,0.691420554905269,-0.000580245381957029,0.185681010295283,-2.69945725427146
36222,16.7917668302683,52.423350634646,6.48157632329685,0.16040472361815,-0.746499795945446,-1.37537835536571,0.000706916007455545,-0.194265082755344,0.683251125485102,-0.000581905550096268,0.189983135252234,-2.70189597956733
36289,16.7799172757131,52.4249276002885,6.77942470539733,0.144512638658551,-0.891614275493023,-1.39038848407555,0.000675442007028106,-0.188678273477473,0.596005957401228,-0.000505267224163025,0.160217941204351,-2.70212104481493
36290,16.7828571881185,52.4249827848241,6.63998903670438,0.148595131088026,-0.853465289471945,-1.38696051340901,0.000685862531383322,-0.189986395633351,0.638990093496297,-0.000510333389952072,0.171730017481934,-2.70586086991852
36291,16.7857971105841,52.4250378959506,6.55319629133794,0.145938896384035,-0.81096694269166,-1.38865010441841,0.000695411460059248,-0.190860039120901,0.666154251452668,-0.000515415983442735,0.181067200705925,-2.70897725853649
36316,16.6445959652131,52.4241072500437,7.53326463889869,-0.0281923706300464,-1.76579307843557,-1.10118042104854,0.000370187267503794,-0.134912063893334,0.253081145837203,-0.000189360625436091,0.0642061305206383,-2.53668637651901
36361,16.7768869190131,52.4266695895844,7.04302898534127,0.0984907082976463,-0.924004344505406,-1.42100038193055,0.000676249134561643,-0.184121656716028,0.517067468680506,-0.000434118325490174,0.145690149887386,-2.69738146024235
36362,16.7798269413154,52.4267248501485,6.89683598442468,0.106336030951663,-0.888047110322923,-1.41552952874684,0.00068858353959176,-0.186009892169913,0.565134997353134,-0.000438454561417861,0.159254960407566,-2.70675073886127
36363,16.7827669742498,52.426780037937,6.77081813505083,0.106598738866239,-0.844039876908241,-1.41429792293162,0.000699225388002905,-0.187013160107895,0.603775802595422,-0.000440484774091782,0.170170579048715,-2.71036407087604
36364,16.7857070154355,52.4268351529042,6.67493246245567,0.10303795232765,-0.797129712901349,-1.41658387163476,0.00070852760015945,-0.187794862003123,0.633654732965708,-0.000444750402071953,0.179976386753438,-2.71385896359254
36365,16.7886470665562,52.4268901944146,6.64352129213501,0.0896804984477981,-0.744538976083405,-1.42265806882606,0.000718290623467517,-0.18783641808181,0.642666987464936,-0.000443955491466252,0.186392903722208,-2.71424545790978
36366,16.7915871277536,52.4269451630532,6.65215442910301,0.0753414691011685,-0.693433027800655,-1.43172276898348,0.000727725738476168,-0.188192542005371,0.642780934645715,-0.00044894258286321,0.192859556446578,-2.71884548311755
36436,16.776796456379,52.4284668347017,7.1615660717581,0.0579560167928115,-0.93608207019598,-1.44606975591373,0.000693121918642993,-0.181327006638506,0.482371243781114,-0.000361916712269011,0.142667868615874,-2.69115241721806
36437,16.779736598055,52.4285220991772,7.05640680603562,0.05748098385045,-0.892009045161736,-1.44444702414915,0.00070619891717804,-0.182445272043328,0.516165162424466,-0.000358483208064975,0.153625090737805,-2.69787885794142
36438,16.7826767498407,52.4285772908355,6.90290011679372,0.0653874641273369,-0.848863365943632,-1.44191360206955,0.000715712246081836,-0.184365542236382,0.567854238311437,-0.000368365994815406,0.168228422180789,-2.7103344607242
36440,16.7885570814659,52.4286874540799,6.74335474780378,0.0538767951969277,-0.747557131730566,-1.45148618405162,0.000733267897865965,-0.185914080952641,0.620642438591276,-0.00037967188448515,0.188110997060676,-2.72141150794607
36441,16.7914972613493,52.4287424263975,6.75166723705968,0.034983527247201,-0.691030887450729,-1.46031870669046,0.000743153745265249,-0.185711634665676,0.618265962102236,-0.00037754263041534,0.193302537810197,-2.72193156220419
36442,16.7944374514234,52.4287973253702,6.78987125981951,0.016972410063179,-0.635933726065726,-1.4715533688604,0.000752256261762577,-0.186043162887294,0.611277403121917,-0.000385382401551809,0.199666067798049,-2.72882700280968
36444,16.8001577898568,52.4288837005474,6.92642360924094,-0.029994389447566,-0.519312078935531,-1.49036093692375,0.000768583337897796,-0.185432024120912,0.575966692197943,-0.000390708360514774,0.20793653090945,-2.73850522127532
36510,16.7767059834894,52.4302640795432,7.2886107984782,0.0131365566474813,-0.960256288138009,-1.47244514724922,0.000713159351883333,-0.178265916085824,0.441744406271407,-0.000281395856107342,0.137551115825659,-2.67462485171848
36511,16.7796462458206,52.4303193475816,7.17981411059725,0.0170419588763053,-0.914559539326962,-1.47056050055096,0.000725603734690897,-0.179928367973957,0.480267563248257,-0.000283363270511372,0.150542831342293,-2.68896023691138
36512,16.7825865161019,52.4303745424918,7.06687790650062,0.0172515978274781,-0.865064499585166,-1.47096835154166,0.000736333672066457,-0.181145249673696,0.517812443448721,-0.000284971930355926,0.16251366050011,-2.69859904683892
36513,16.7855267966661,52.4304296643439,6.93907860319985,0.0197305869997493,-0.814267452997477,-1.47285175059486,0.000744448983947682,-0.182656140838679,0.561743309179944,-0.000296269534184102,0.17604246391042,-2.71093492956732
36514,16.7884670870307,52.4304847131274,6.86886230517894,0.0130454780845604,-0.760466148989781,-1.47938227841959,0.000752530822892679,-0.183519169358767,0.58692318561725,-0.000304748639457814,0.186522273780042,-2.71917824358889
36515,16.7914073860739,52.4305396888883,6.8489053002927,0.000678628054545882,-0.704987426137563,-1.48932541307311,0.000760766461170723,-0.184155494454375,0.597624945925075,-0.000314570450471896,0.195320652657671,-2.72721225946339
36518,16.7998215756992,52.4306489083654,7.01617843934162,-0.0634034292934622,-0.535152612469879,-1.5193993737907,0.000786349580245142,-0.184134645559785,0.558477448246462,-0.000328386313726531,0.210601519334546,-2.74393628217115
36541,16.6472483710863,52.4295570472439,7.62224786345791,-0.0264756559021482,-1.97665529141655,-1.09075984106143,0.000374807292736125,-0.137093213605733,0.257751524975365,-0.000185378644991352,0.0838793210954947,-2.5567485109583
36583,16.7707347690633,52.4319505613759,7.50712080588755,-0.0257816594953901,-1.09052083606446,-1.49467172965166,0.000704395413464398,-0.173203341805195,0.363341929891677,-0.000216611844381653,0.112587364500229,-2.62652965245445
36586,16.7795558829173,52.4321165953024,7.31417518890339,-0.0275946414242405,-0.94907651277434,-1.49652722449169,0.000747609698954779,-0.177051200866156,0.436990841414056,-0.00019966799166396,0.144938088460094,-2.66908949610445
36587,16.7824962734586,52.432171793559,7.21808046771469,-0.0281375405710094,-0.896971142061471,-1.49777980798075,0.00075868506211705,-0.178270289374302,0.470536049526766,-0.000200570076242301,0.156747284727913,-2.68146563606388
36589,16.7883770822124,52.4322819716634,7.0089339664404,-0.0291643026938964,-0.786990440058169,-1.50576054670878,0.000774862604121865,-0.18100398209231,0.546048326975785,-0.000223634556039992,0.182743558047363,-2.70934002812885
36590,16.7913175019854,52.4323369505509,6.96826458228645,-0.038399865013373,-0.729635848743307,-1.51520555555402,0.000782387899335643,-0.181966640888794,0.564891022867454,-0.000237617493319631,0.193417789057889,-2.72127760339163
36592,16.7971983675749,52.4324466901666,7.04433864529335,-0.0766189927067913,-0.611364959607073,-1.53902136521423,0.000800019505253699,-0.182766100975263,0.553697991269836,-0.000257722243498543,0.207884092086218,-2.73920616484179
36615,16.6442125676336,52.4312955664223,7.63586392771583,-0.0267009880547784,-2.06209939549331,-1.07978089533369,0.000378460109113118,-0.136964730405048,0.258344672980741,-0.000170641868047772,0.100469881730767,-2.55659824264478
36657,16.767703567275,52.43369230347,7.58824016822757,-0.0578042671540224,-1.18988135564738,-1.50738727453274,0.000709295600945264,-0.169776441635632,0.328557483383378,-0.000149105242808673,0.100974274894739,-2.58570017293675
36658,16.7706440386634,52.4337477976572,7.56414999958986,-0.0579118908333278,-1.14502722772014,-1.51068523693746,0.000726624541645328,-0.171352474497876,0.343571969732734,-0.000143657841711081,0.110726152083757,-2.60465329163628
36661,16.7794655106046,52.4339138421985,7.42182084499939,-0.0660236348508292,-0.994856774544745,-1.51865462028906,0.000770195994064686,-0.174724128566329,0.401951894742989,-0.000121234705884599,0.140626559916711,-2.64822331781397
36664,16.7882870686486,52.4340792291126,7.16538120172856,-0.0732132357507602,-0.827219894313547,-1.52956794264189,0.000799540020505425,-0.178159612312196,0.495775200066999,-0.000134095089744074,0.175904016952103,-2.68948540886606
36690,16.6411765257399,52.4330340043129,7.64197591451966,-0.0269802287170657,-2.14359676934453,-1.07035887023832,0.000382981204951907,-0.13683154939418,0.258942383241839,-0.000155974673797465,0.116984728831135,-2.55184029990903
36691,16.6441166932177,52.433092643863,7.65854895578002,-0.025886356274019,-2.13782061509124,-1.07422604405332,0.000381356401226191,-0.137401406771829,0.25959667450059,-0.000167312311716239,0.108831516055538,-2.56035997288552
36707,16.6911607412378,52.4340209422242,7.70791018904231,-0.0360343402254397,-1.96571393509152,-1.2043795336001,0.000403468405864291,-0.144872668081374,0.264088664860208,-0.000219877759057824,0.0471344857022586,-2.54536926115787
36708,16.694101078909,52.4340783398905,7.69459166081288,-0.0382360353800983,-1.9477652969276,-1.21788588905154,0.000409351403953963,-0.145362679483084,0.264308197865249,-0.000215675242097563,0.046914132949702,-2.53332837988887
36710,16.6999817841777,52.4341929162203,7.68184203792373,-0.0425163484705386,-1.91404030335449,-1.24364053520731,0.0004198266279044,-0.146279951406987,0.264375764309638,-0.000210097025525269,0.047815674223628,-2.51845723032199
36741,16.7911377036326,52.4359314727231,7.24064753810853,-0.117486252177891,-0.817717843327426,-1.55732069618907,0.00083182075127234,-0.176804340236316,0.476757667100772,-6.37651195223021e-05,0.18137126420784,-2.68344937332961
36742,16.79407837051,52.4359863858477,7.21662604712276,-0.128469599920994,-0.757561689200106,-1.56637586195302,0.000839578650334051,-0.177732207448663,0.49173185533345,-7.62820187215907e-05,0.191918739658533,-2.6977292573614
36743,16.7970190479861,52.4360412259678,7.22947840131701,-0.143195356138232,-0.696251235893733,-1.57748000477488,0.000847437982743247,-0.17863395870936,0.49688763115763,-9.3151297683336e-05,0.201813658996102,-2.71287622085049
36744,16.7996142937404,52.43613700228,7.28202619612819,-0.161416098049509,-0.644200154568729,-1.5869540625617,0.000855814925909096,-0.179082917076,0.487899431008243,-0.000101588250354695,0.208470528427114,-2.72332807924693
36752,16.5940373162769,52.4338828481009,7.44555751508426,-0.0344317764405657,-2.30544529393599,-1.00030239944934,0.000408937766559606,-0.128784842891998,0.251748250275697,9.71994650822428e-06,0.210901397071289,-2.46197146217457
36787,16.6969476910813,52.4359328087387,7.70074681466815,-0.0417145672897394,-2.02859510277689,-1.22727812351875,0.00042338406837774,-0.146282850298311,0.265527372073823,-0.000195880541172783,0.0565236435964067,-2.51708178225965
36819,16.7910477902798,52.4377287324644,7.35450680696124,-0.148635980899481,-0.872828817146885,-1.57460439600342,0.000856050870261638,-0.17473090587481,0.438553952278163,8.86344648309834e-06,0.175968968475871,-2.66322218831078
36820,16.7939885772336,52.4377836492621,7.32371716460125,-0.158234636790494,-0.812436734709685,-1.58315181739053,0.000863981912967493,-0.175740272958672,0.456252898782301,-3.1724151679513e-06,0.187003712057134,-2.67944899642157
36821,16.7969293729326,52.4378384929343,7.32614506608718,-0.172018735508413,-0.752244334435893,-1.59222224742729,0.000871966432058044,-0.176528101332842,0.463349771481161,-1.41277504862869e-05,0.196515281057273,-2.69342574657628
36837,16.5939393921109,52.4356798591637,7.45190914814839,-0.0341417112899727,-2.35682294306105,-0.999494413284908,0.000411785050977942,-0.129243568125497,0.252883834943273,9.52217692931634e-06,0.219472791865101,-2.45668975279062
36852,16.6380441108842,52.4365694296447,7.6707898133734,-0.0253650727976069,-2.29836858632844,-1.0537260908832,0.000390233346727963,-0.136980226535331,0.26071599192509,-0.000141503210014854,0.141246021529938,-2.55387637377532
36870,16.6909727829845,52.4376152151379,7.71496031753168,-0.0382066612485055,-2.14776922206058,-1.19968914560883,0.000423092295511608,-0.145838046911189,0.266853996538051,-0.000185246849248227,0.0637299463178991,-2.51891041847688
36871,16.6939133590486,52.4376726203484,7.71017487096958,-0.0404446044939064,-2.13546640740114,-1.21175033476954,0.000428244575469618,-0.146270098193795,0.266852727097104,-0.000181824282107196,0.064148906755598,-2.51178423730238
36889,16.7468454195915,52.4386934159297,7.61679887735852,-0.085841308716784,-1.69655276949975,-1.45012974278321,0.000641497112337339,-0.15877826717086,0.280427895632481,-4.1468939802336e-05,0.0660573389886139,-2.44851669277625
36905,16.7938987743579,52.4395809119782,7.42239235560339,-0.184632503843769,-0.872072461800961,-1.59665120984054,0.000888027839519044,-0.173675443096547,0.420150518917444,6.55547474385232e-05,0.180915810642887,-2.65676661431996
36906,16.7966204195189,52.4394961275808,7.41060719335394,-0.193974519903385,-0.812074075152889,-1.60363191208473,0.000893666153045702,-0.174657023233094,0.432164651599232,5.07316335726649e-05,0.190688973503967,-2.67328966565321
36931,16.6203050866932,52.4380126186928,7.58708999641567,-0.0293730675292161,-2.38222174355293,-1.02803796825982,0.00040241622002541,-0.13401096401641,0.258260696576448,-7.62901076219458e-05,0.190434570020564,-2.50840859014903
36932,16.6232455415175,52.4380717813329,7.60714003588544,-0.0282790840782594,-2.38260342712418,-1.03001475042233,0.000400551322179518,-0.134498146718623,0.258811524135865,-8.75055156874527e-05,0.18473685677629,-2.5189791687431
36937,16.6379479674163,52.4383664972201,7.68324722160037,-0.0243462151692428,-2.36824338547382,-1.04952078965506,0.000394273102743821,-0.137346285088525,0.261938977176219,-0.000138187600281198,0.149011055556841,-2.55235007047338
36939,16.6438290086893,52.438483872252,7.70983334152015,-0.022856234812636,-2.36091371510212,-1.05894872130107,0.000392634321236603,-0.138551592513968,0.263286726974597,-0.000156775772140294,0.131905739795009,-2.56286055292992
36962,16.7114638686184,52.4398126772593,7.65515458066648,-0.0553887597155196,-2.12154608237174,-1.28726215915527,0.000488391869468321,-0.149882364956215,0.270159671628326,-0.00012842597078222,0.0641059700037943,-2.44552162943546
36974,16.7467536953591,52.4404906205292,7.61030511954755,-0.0949752913636992,-1.7687579960342,-1.44739748308747,0.000661180853566645,-0.158197913179118,0.279657687856115,3.88608450813122e-06,0.0695156253239304,-2.43292119469163
37019,16.6378518136174,52.4401635646147,7.69064413926162,-0.0234554834827447,-2.43475247856413,-1.04628055500093,0.000398902189551562,-0.137701494969959,0.263159434778305,-0.000133880852842772,0.156380707507118,-2.54785385987907
37098,16.6377556498149,52.4419606309758,7.69407352880944,-0.0226448426842003,-2.49790657836353,-1.04368031383007,0.000404009889955835,-0.138037375073917,0.264370797220726,-0.000128767417548414,0.163330692939645,-2.54130047804244
37100,16.6436371686622,52.4420780211586,7.71989981878028,-0.0212181074280453,-2.4953198649738,-1.0528019780654,0.00040318834065535,-0.139225939715931,0.265722614866398,-0.000145462286355313,0.145463018452645,-2.55079384032786
37269,16.716973634738,52.4471150658407,7.61208133464879,-0.0664543370202075,-2.39998698431988,-1.29499778069715,0.000571198314866697,-0.151119837694466,0.275211441751058,-2.71331202297553e-05,0.0807977800643727,-2.37920179995569
37270,16.7199148972579,52.447171831476,7.605983032582,-0.0700907489538274,-2.37934232806534,-1.30899215583409,0.00058491204560171,-0.151629789296935,0.275477878769435,-1.67582106093689e-05,0.0794955256820629,-2.37406113308157
37271,16.7228561699845,52.4472285244089,7.59796836148143,-0.0744857354580226,-2.34771553697457,-1.32259973234635,0.00059980286253624,-0.152090739136655,0.275805397848782,-1.52369433023547e-06,0.0784346732286849,-2.37045181637143
37288,16.7728592883621,52.4481811141819,7.57384135517691,-0.201463363860768,-1.54712735459153,-1.54314305675381,0.000878597126722294,-0.158056818425289,0.271086176931299,0.000315421647487296,0.106143696374076,-2.4131638318928
37289,16.7758007355183,52.4482364910308,7.58948163629327,-0.210672063767674,-1.49843261824822,-1.55573586218494,0.000896005552400353,-0.158697806321895,0.270554615165527,0.000321623414422462,0.110370870318889,-2.42362327692535
37335,16.7168806665239,52.448912230866,7.5978218334252,-0.0677168547494524,-2.46869148251172,-1.28978574118671,0.000586737987567684,-0.15086798708167,0.2759651997546,-8.17757458856927e-06,0.0847130536276239,-2.36504869553607
37336,16.7198220486749,52.4489690005929,7.58534385935593,-0.0731243542946061,-2.42288727904169,-1.3025953135483,0.000601896845646904,-0.151195077031543,0.276246901741057,1.37321227736686e-05,0.0833525157465118,-2.36190835241052
37356,16.7786517334335,52.4500890356578,7.57668723401196,-0.225387965427796,-1.49811632076835,-1.55985905154804,0.000921348060136919,-0.157684807306349,0.265637084273934,0.00036660709646541,0.113342727716656,-2.40945874014687
37402,16.7256122233846,52.450879495406,7.54069136936005,-0.0885105936536377,-2.3730453485257,-1.32356621782165,0.000648219484927388,-0.15111169529035,0.276654403229084,8.64971511612689e-05,0.0849858723615142,-2.34356103224252
37403,16.7285537545269,52.4509360492866,7.52967265033396,-0.0951492788782353,-2.3260578104911,-1.33689069587977,0.000663351212555972,-0.151289726415097,0.276472494145306,0.00010992063992793,0.0843756866211294,-2.34116900961021
37417,16.7697362087681,52.4517201242937,7.51918187409035,-0.202369928807126,-1.69743961815705,-1.5212675724584,0.000888604756491787,-0.1552371182245,0.267589901026914,0.000360235607972298,0.103721525126744,-2.36794093129197
37465,16.7255195942771,52.4526766703077,7.51656707639995,-0.0924568006948085,-2.40338528443747,-1.31838923008591,0.000663241394242411,-0.150383767784625,0.276700891670365,0.000115531551106163,0.0882608118440089,-2.33121235980764
37727,16.6191419657501,52.4595771069637,7.60828341470597,-0.0121972505286454,-3.00794619519461,-0.986071405100579,0.000452734409411452,-0.136306583784505,0.27162181330884,-4.12352658080151e-05,0.266216783768435,-2.4607237130129
37740,16.6573873105957,52.4603411103018,7.65128269794002,-0.0114696449020855,-3.04063912465374,-1.04775584228612,0.00048268541886385,-0.142316042192173,0.279018809056415,-7.20922115636236e-05,0.143703136761111,-2.44084922383968
37741,16.6603293306379,52.4603993680881,7.64037386336463,-0.0140768155691493,-3.02636230683876,-1.05697128713523,0.000489947919332288,-0.142671396152631,0.279198392598742,-6.56566273640746e-05,0.140995128152603,-2.43109666525851
37743,16.6662134016842,52.4605156637536,7.62080906805681,-0.0185036790105269,-3.01499259073689,-1.073339924526,0.000503292316607881,-0.143213187228326,0.279428838859109,-5.24124554460575e-05,0.139492431420102,-2.41221187946087
37779,16.6249289990006,52.4614924942207,7.61262908661649,-0.0102894638382605,-3.04770830275257,-0.991586406032094,0.000460315551441819,-0.137386166296126,0.273886911766419,-4.58048734196803e-05,0.252280378841121,-2.45425897149227
37786,16.645523412812,52.4619044193131,7.64728980668315,-0.00736674750928579,-3.078973426503,-1.01973673419868,0.000473150197748552,-0.140655212243999,0.278302771438419,-6.87779822735879e-05,0.176687249424994,-2.45189952700116
37787,16.6484655119304,52.4619629728365,7.64183221134681,-0.0089831327469998,-3.0667718209497,-1.02774773279297,0.000478717984549334,-0.141140961244177,0.278728921257263,-6.66683673808122e-05,0.167048888594543,-2.44525275796553
37790,16.6572918715887,52.462138196098,7.62934480226056,-0.0113391944137575,-3.07275237846324,-1.04546475960167,0.000491788526748485,-0.142144570201941,0.279828966209016,-5.99349565091889e-05,0.146551216460082,-2.42689877183852
37791,16.6602340118727,52.4621964573,7.61712030285992,-0.014635677043195,-3.05055862795594,-1.0556733913515,0.000500321586367196,-0.142506611339019,0.279953021051043,-5.19588804312604e-05,0.14350064969738,-2.41714173447605
37792,16.6631761620895,52.4622546455574,7.60744839153426,-0.016803040367515,-3.04552793464314,-1.06348022125782,0.000506970992691008,-0.142751963507643,0.280058210177493,-4.52300549243778e-05,0.142822200562684,-2.40799386308049
37794,16.6690604927599,52.4623708028943,7.58810352325213,-0.0210613502688677,-3.03859491953305,-1.07911079157671,0.00052076673667114,-0.143217540667661,0.280260081988573,-3.16526569924397e-05,0.141304925893877,-2.38960226307177
37795,16.6720026719219,52.4624287714584,7.57800046564842,-0.0233782808517553,-3.03363715656288,-1.08735285578728,0.000528311324772102,-0.143450890705883,0.280351215254487,-2.43701486094816e-05,0.140141209462499,-2.38034453775452
37839,16.6660232322128,52.4641098570665,7.57475257686144,-0.0194717406879938,-3.06555302593738,-1.06919309235112,0.000524162037056776,-0.142721681066548,0.280821017754091,-2.45666274644868e-05,0.144558800771293,-2.38610107884585
37840,16.6689655219515,52.4641679026171,7.56511734633716,-0.0213667391632484,-3.06576946490496,-1.07642397064864,0.000530956016458611,-0.142918383948122,0.280924750976745,-1.80816951890345e-05,0.143930783483462,-2.37687782599028
37841,16.6719078216152,52.4642258752268,7.55574491775008,-0.0225939099509951,-3.07543722737454,-1.08275314404747,0.000536942126193936,-0.143088918666652,0.281070656668701,-1.28304496192777e-05,0.143674662397061,-2.36686306140177
37882,16.6659281323905,52.4659069523083,7.55315514968015,-0.0183978144261694,-3.10849876493369,-1.06430087910988,0.000531831174620113,-0.142348475528245,0.281531221025936,-1.39569732079126e-05,0.148469133893251,-2.37300625919045
37883,16.6688705412911,52.4659650018432,7.54276088618417,-0.0203351558443892,-3.10825683586514,-1.07150358337883,0.000538854917296848,-0.142533110987023,0.281636512777315,-7.17861237822803e-06,0.147619656997719,-2.36348500362504
37884,16.6718129608784,52.4660229781669,7.53185521029445,-0.0227801061291686,-3.10234410500996,-1.07959126881246,0.000546908306247554,-0.142730679193899,0.28170352062602,4.49879138775255e-07,0.146162220522022,-2.35420040730332
37916,16.6570054954861,52.4675294485728,7.56068595906243,-0.0123107156460911,-3.14353409114571,-1.04004306530299,0.000520367653399405,-0.141451923850796,0.281867170688971,-2.19699352412284e-05,0.15352542484861,-2.38782023338291
37919,16.6658330224058,52.4677040470766,7.52962689378899,-0.0186213418807348,-3.13293439040554,-1.06151872628194,0.000541353331563403,-0.142003272924376,0.28213301728018,-1.13699134671186e-06,0.150908602223105,-2.36064516292629
37920,16.6687755512266,52.4677621000037,7.5187046811252,-0.0209705463135315,-3.12781687520162,-1.06917224282343,0.000549130518114151,-0.142179900394692,0.28219676015134,6.35210599357616e-06,0.149666442323593,-2.35146737447843
37953,16.6569100163464,52.4693265316711,7.53835228023252,-0.0114472150215441,-3.17847301563999,-1.03581716098546,0.00052760556572063,-0.141089684750821,0.282554467457713,-1.09659810222651e-05,0.156763286060958,-2.37522413897426
37954,16.6598526351396,52.4693848078077,7.52773385826413,-0.0135937979162204,-3.17412130348221,-1.04287605596736,0.000534605594194264,-0.141266560219214,0.282634813549068,-3.98797411212126e-06,0.155961130140398,-2.36613840295337
37955,16.6627952635858,52.469443011134,7.51685751576827,-0.0159810485924758,-3.16754080246776,-1.050369350506,0.000542168443773916,-0.141444149191105,0.282690828520605,3.35925656928804e-06,0.154846301466897,-2.3571297298144
37956,16.6657379019423,52.4695011413001,7.50576890917966,-0.0183026962326025,-3.16232819107151,-1.05777754189349,0.000549817449390769,-0.141609265452183,0.282751586346381,1.07548565534549e-05,0.153678539800488,-2.34796663245942
37988,16.6509290816095,52.4710068337689,7.53358783728231,-0.00837681928300071,-3.2033590714115,-1.02102155052916,0.000523933958447707,-0.140375375490003,0.282772366259777,-1.00264783324672e-05,0.165564868542354,-2.37953935701847
37990,16.6568145273279,52.4711236136734,7.5149109586855,-0.0117452214023732,-3.19849554994407,-1.03356183556981,0.000536505303737098,-0.140757748100564,0.283113390353205,1.27062827269542e-06,0.158950837237782,-2.36319275348029
37991,16.6597572657201,52.4711818937285,7.50396787507395,-0.0136892020846702,-3.19664340951767,-1.04009082315191,0.000543276809326053,-0.140904344290953,0.283206503242337,8.17910224597262e-06,0.158321779473162,-2.35395348307685
37992,16.662700013923,52.4712401009235,7.49261155391696,-0.0154479812548693,-3.19741280600211,-1.0463718564451,0.000549946978987227,-0.141037858569416,0.283323294323983,1.50752954250072e-05,0.157691043540417,-2.34429974814321
38022,16.647890515422,52.4727454045239,7.51879641042206,-0.0068115882926687,-3.22890756827637,-1.01238469738195,0.000525865345319648,-0.13982354080969,0.283129143300727,-3.34087419273654e-06,0.173845477603031,-2.37484077410591
38057,16.6507375942983,52.4746009812072,7.48844198059533,-0.00872333232374878,-3.24052486317701,-1.01663714675278,0.000540438189322937,-0.139736249566948,0.283885683380304,1.25673546059052e-05,0.167824746012798,-2.35679724767249
38058,16.6536805517368,52.4746594152096,7.4786999707967,-0.010631741405005,-3.23550796132179,-1.02297952839374,0.000547166791116556,-0.139903740098467,0.284018239117491,1.84091410045106e-05,0.163956834789388,-2.34890371302333
38061,16.6625094841776,52.474834278499,7.44438562177095,-0.0174447844310599,-3.21943485782225,-1.04322022935523,0.00056944691331301,-0.140258736065873,0.284140454268538,4.00264438019382e-05,0.160621248360897,-2.32227527392121
38062,16.6654524814982,52.4748924197254,7.43231622644123,-0.019875627332862,-3.21358431138271,-1.0502613559746,0.000577452947645871,-0.14036042499557,0.284157435699014,4.7591665180674e-05,0.159337824433145,-2.31317077464291
38090,16.6565279997158,52.476514856315,7.44422480956314,-0.0139691354538876,-3.23831103367564,-1.0285565711501,0.000563745397310599,-0.139657911246784,0.284426052302467,3.73141871351235e-05,0.1639070643471,-2.3296229657081
38092,16.6624142045336,52.4766313660169,7.42047480895212,-0.0186311255813365,-3.22739611065225,-1.04187271970434,0.000578989976918846,-0.139839813527979,0.284463879743062,5.20956406163675e-05,0.161895282110478,-2.31183051703044
38114,16.641716537789,52.4780193619896,7.46592476740295,-0.00517555261801306,-3.28148478138726,-0.995953304069157,0.000538568962519699,-0.138436128060968,0.284126127286592,2.15241373306002e-05,0.194215291143337,-2.3542604908609
38390,16.7110187515209,52.277895365407,5.76687712098158,-0.143504593621461,-2.30244166036532,-0.235455246119436,0.000878024854288197,-0.111487198208815,-0.105219502878786,-7.01014439140665e-05,0.327988733070149,-0.611183315299058
38405,16.7021357048797,52.2795217695181,6.16010739588444,-0.193430303010922,-2.25235807410149,-0.283746265933893,0.000903235457830165,-0.113669803969668,-0.138684973699782,-0.00025847486240676,0.291818684128469,-0.74722964882028
38425,16.7020426963905,52.2813189676492,6.24515774602526,-0.204051080301126,-2.22690046281219,-0.30652260485784,0.000917146764969359,-0.114501996164297,-0.13927264661695,-0.000354749353248744,0.278332940340261,-0.786236609910134
38426,16.7049729389945,52.281375978779,6.14446615288898,-0.19249021947291,-2.24178042526956,-0.295289983706709,0.000914377896691625,-0.11406372852057,-0.127742430661268,-0.000329717818182121,0.2856911770893,-0.753332238845474
38427,16.7079031918536,52.2814329175019,6.03384057357732,-0.178241474189829,-2.25183360530479,-0.285161192411977,0.00091066271639266,-0.113668880959819,-0.115937281840228,-0.000304375702876973,0.294841071596091,-0.717647508090238
38428,16.7108334537076,52.2814897836647,5.92035572886778,-0.163439862031657,-2.26199943738672,-0.275442403072283,0.000907116601613318,-0.113243309015681,-0.103758225717542,-0.000276756632568551,0.303833069135531,-0.681613640708804
38446,16.7019496780228,52.2831161643938,6.3226995221944,-0.210626240502906,-2.18726102527548,-0.332414059483284,0.000928479247865585,-0.115557414076623,-0.14020251440488,-0.000454325836420405,0.267693563146489,-0.824357444893963
38447,16.7048800391754,52.2831731795628,6.22631566093742,-0.200598765069415,-2.20622795359382,-0.320271837804103,0.000926807490708413,-0.115116988279593,-0.128233422103913,-0.000433020085913217,0.27394114019287,-0.792711855411085
38448,16.707810410108,52.2832301219749,6.11272723359309,-0.185779518627308,-2.21619929665949,-0.309570347622369,0.000923039651685525,-0.114780143657904,-0.116092070275787,-0.000411823690177397,0.283935793570576,-0.755740340412672
38449,16.7107407907856,52.2832869917062,5.99817427771791,-0.171027927181768,-2.2277801173212,-0.299148088977518,0.000919764957517924,-0.114383667679285,-0.103499568386567,-0.000387510292558364,0.293145074565911,-0.719166170343271
38469,16.704787129473,52.2849703796943,6.31438837855171,-0.208940090687262,-2.16608720571564,-0.346997439110986,0.000938903942652797,-0.116221843457373,-0.128834012914055,-0.000536229456020811,0.261153611139923,-0.83612212727121
38470,16.7077176184042,52.2850273259612,6.20992102489356,-0.197479957399802,-2.18472892460929,-0.334462091271629,0.00093725368139895,-0.115811735244266,-0.115735119918867,-0.000517363854185403,0.268289918453226,-0.802497932052461
38471,16.7106481178454,52.2850841991879,6.09381023472122,-0.182949090736054,-2.19874881595251,-0.322747281174074,0.000934448348537892,-0.115436542686242,-0.102369276210354,-0.000496493294944469,0.277560850691876,-0.765470270300341
38591,16.7480898098607,52.4711247917473,7.22329619017057,-0.166747179158694,-2.30663933829072,-1.35531159847266,0.000866985482227703,-0.143512181441674,0.270015786763226,0.000436457430093171,0.110396143307781,-2.20581088653387
38675,16.7623925297255,52.4786469585067,7.12894780012846,-0.194787068419949,-2.30206425810442,-1.37437809930808,0.000972896736358336,-0.141188526235833,0.264811752827627,0.000469970903127115,0.120464223730622,-2.15713469370792
38716,16.7888870240471,52.480862772814,7.20563240460581,-0.263019516869573,-2.21296810707093,-1.46334523653059,0.00119794332952903,-0.14140010743842,0.233433741138608,0.000314956159222057,0.112637525593058,-2.14155994759574
38754,16.7887968734484,52.4826600164276,7.16627347063434,-0.259708089562228,-2.25309465089071,-1.45023022871672,0.00120392775965695,-0.140370563669066,0.233631814484183,0.000300150868662898,0.104099937874963,-2.12220952117309
38797,16.7798750783488,52.4842917930211,7.06618137809107,-0.231538155125467,-2.3448860077944,-1.40766672182993,0.00114119454682263,-0.138911111756302,0.249624845418273,0.000348230025309038,0.118212645206967,-2.0977304700757
38841,16.7738966011898,52.4859783403346,7.01831390364623,-0.214520505269171,-2.41222875241296,-1.37729081396487,0.00110364881395363,-0.137918709636223,0.256384750785533,0.000363874632301767,0.122569073716818,-2.08495154354102
38843,16.7797845498218,52.4860890242301,7.02815515503562,-0.229234909136615,-2.38717138543064,-1.39606143168471,0.00115199161632928,-0.137928938207684,0.249391495566426,0.000326618248808128,0.116848028436564,-2.07747724203182
38889,16.7767499117601,52.487830946228,6.98245136267133,-0.219350123266665,-2.44064928942656,-1.37514690618342,0.00113826949695936,-0.136948333808974,0.253129074595343,0.000325391534989783,0.119590223437413,-2.06048734168769
38923,16.7295530575112,52.4887332143087,7.04582103112784,-0.129318573093535,-2.74301085667546,-1.23239561005241,0.000872694078783397,-0.136817329008609,0.275267206286394,0.000353976908961384,0.134822251011741,-2.12418709813369
38924,16.7324971215702,52.4887896982714,7.03818421557469,-0.134440064232287,-2.71754156922591,-1.24116516037432,0.000884336383689073,-0.136813645468749,0.2745884723968,0.00036352590213061,0.134141123296729,-2.1202230015632
38939,16.7766592440656,52.4896281726103,6.94143739496349,-0.216862355383967,-2.4772155461608,-1.3633058315584,0.00114739942722416,-0.136000721227415,0.253168172655461,0.000306730904624665,0.118056668897836,-2.03960179708065
38978,16.7353488398157,52.4906432848166,7.0129550689378,-0.140012751100684,-2.69225570666552,-1.24570867874961,0.000897827573794509,-0.136323068413063,0.273953379541975,0.000377396993983953,0.134796637070039,-2.11035915797163
38979,16.7382930429738,52.4906996259487,7.00651557155538,-0.145300426163335,-2.66313886158214,-1.2548376163344,0.00090832803707417,-0.136348319614788,0.273227731712342,0.000386874459575526,0.134037246587326,-2.10713065836012
39044,16.7735334304965,52.4931672308403,6.86515625656614,-0.204832621319291,-2.54855627505152,-1.33300128259814,0.00113598928560377,-0.134326710716595,0.257089454471877,0.000295900148045015,0.114969303311383,-2.0091020045611
39094,16.7646089654237,52.4947978229977,6.84764993567319,-0.184842717452778,-2.6193762518514,-1.30040217059633,0.00108151996556709,-0.13375456047266,0.264200764003656,0.00031809414807632,0.128958349509858,-2.0128482671671
39097,16.7734426129241,52.4949644519685,6.83098079324009,-0.202117780072843,-2.5699925755752,-1.32300535655894,0.00113806063250291,-0.133566567429218,0.257621293322788,0.000286080176442705,0.103432672950973,-1.99409682753094
39098,16.776387182113,52.4950198486333,6.8375087277791,-0.208132805311955,-2.54718599286799,-1.3319380752476,0.0011535378194521,-0.133639799593626,0.254800812061281,0.000275975646275569,0.0781549258586978,-1.99381454091667
39104,16.794054794008,52.4953506896073,6.98592320551313,-0.242425838023919,-2.41279278955679,-1.3915167908831,0.00123509566643742,-0.135087363384462,0.228139462570063,0.000180437330867782,-0.22439542844765,-2.0355670826948
39105,16.7969994286504,52.4954055734587,7.02692600619127,-0.248467351140192,-2.39626595691715,-1.39877706962992,0.00125070775564631,-0.135413060359703,0.220555570906108,0.000155605289023084,-0.281205348848573,-2.04574078758935
39204,16.7644265837682,52.4983922415536,6.78475955823285,-0.180496294098901,-2.65795072892845,-1.28305772383074,0.00108736244881564,-0.132343944271735,0.265104362235841,0.000298720153857308,0.118499037895745,-1.98530768519026
39315,16.7318495903565,52.5013698870118,6.8646691642532,-0.127701037643416,-2.85514845495623,-1.19524737409488,0.000926326245038744,-0.132415106277017,0.276339697073446,0.000322396474891261,0.146209189824162,-2.04483917949108
39377,16.7317570475409,52.503167054306,6.83437310820295,-0.126172696255917,-2.87581519502967,-1.18766645819321,0.000932322148482573,-0.131744616975293,0.276773760683326,0.000314400042743961,0.147521368832372,-2.03141296494277
39378,16.734702079012,52.5032234942443,6.81966965153902,-0.130168973904805,-2.86180843753036,-1.19375736674983,0.000945723834969936,-0.131597900609627,0.27620763390994,0.000314057416625317,0.146543660198134,-2.02317770820912
39380,16.7405921740498,52.5033361542144,6.79546156526305,-0.138763338538958,-2.82759059572718,-1.20760501619944,0.000971842404911417,-0.131382744910377,0.274839382320432,0.000313107370862174,0.144715668791235,-2.00938946302244
39381,16.7435372351307,52.5033923743277,6.78204965617215,-0.142967597071909,-2.81238918945668,-1.21410780200726,0.000985827731761826,-0.131251987923967,0.274117320280554,0.000310874930051282,0.143827180843061,-2.00166509971416
39439,16.7316644938983,52.5049642207199,6.80632456036665,-0.124970531460221,-2.89103426602326,-1.18113234668924,0.000937006371151072,-0.131128484024886,0.277166171279673,0.000308035983144661,0.148717986929881,-2.0193356262514
39442,16.7404999798409,52.5051333316639,6.77092564159068,-0.137697311091053,-2.83855272368818,-1.20209327557613,0.000974774950724559,-0.130823134703608,0.275162390591301,0.000306702881563134,0.145868645173508,-1.99921137867591
39443,16.7434451622487,52.5051895553425,6.75247636154313,-0.141439567904659,-2.82807209229223,-1.20714552743837,0.00098991903844009,-0.130618772019952,0.274554509685789,0.000302755158521049,0.144527488735505,-1.98881642253184
39444,16.7463903532701,52.5052457060536,6.74007398908873,-0.145692229650482,-2.81179137852762,-1.21390497833023,0.00100363248555773,-0.130504474139737,0.273756766059528,0.000299765910691339,0.141022247827564,-1.98152882678187
39448,16.7581712158581,52.5054695754781,6.69854321104128,-0.163241885707375,-2.74447348334872,-1.24220009109943,0.0010599123676464,-0.130136313266929,0.269620106882134,0.000279877528726574,0.0913692366742822,-1.95514524362659
39500,16.7286266681718,52.5067048661448,6.79582091439079,-0.120199019538266,-2.91630870023219,-1.16966290316329,0.000927967312129373,-0.130711744504216,0.27802346920604,0.000302950551858729,0.150896238227659,-2.01696698513842
39501,16.7315719304093,52.5067613866376,6.78476017027128,-0.124440344618105,-2.89759775628713,-1.17689866397563,0.000939608793823869,-0.130625454995023,0.277404526938738,0.000303721263352603,0.149854271837611,-2.01072523937273
39505,16.7433530786132,52.5069867359085,6.73062132171617,-0.140453164343068,-2.8360371941549,-1.20250861696635,0.000991598020156026,-0.130109148401715,0.27483644929611,0.000296567052943598,0.142418363186806,-1.98005085703528
39506,16.7462983899274,52.5070428899547,6.71903227463679,-0.144640409146657,-2.81943105962219,-1.20942514277302,0.00100481957250435,-0.130005664685703,0.274027430225207,0.000293292577378857,0.135421191277359,-1.97317077393075
39508,16.7521890416957,52.5071549786861,6.69905275518761,-0.153176562810856,-2.7851669663919,-1.22387163960032,0.0010314174453984,-0.129835905854391,0.272142212083903,0.000284548690762672,0.109854548456426,-1.96069840573523
39509,16.7551343817136,52.5072109129554,6.6878461390379,-0.15736855997535,-2.76964035500786,-1.23058308356067,0.00104561185204391,-0.129730179457461,0.271098596485669,0.000278527747071758,0.0919915156137847,-1.95360448534336
39564,16.7344247500519,52.5086150024587,6.74954648025391,-0.127707269772021,-2.88912472740179,-1.17907929799441,0.000954524961921707,-0.129999333901379,0.277082521534173,0.000297668885673695,0.149957688679379,-1.99441508028201
39565,16.737370151701,52.5086713802029,6.73655406334024,-0.13164102497236,-2.8734379143673,-1.18557676009212,0.000967018070900834,-0.129878037270261,0.276458873653266,0.000295900517112344,0.147889276383552,-1.98706674466166
39569,16.7491518581518,52.5088961577146,6.68889228884166,-0.147739513391205,-2.80968996252642,-1.21257357614454,0.00101870690114467,-0.129441756979027,0.273378098856919,0.00028202566066609,0.111163904342661,-1.95897603630056
39570,16.7520973082429,52.5089521690083,6.67895875905049,-0.151855093838481,-2.79334039676989,-1.21965759188365,0.00103193634265851,-0.129355049897995,0.272407625023647,0.000276721238654935,0.0926634484814741,-1.95269402811607
39571,16.7550427688178,52.5090081069744,6.67136028296795,-0.15604650655121,-2.77615307217632,-1.22719773275875,0.00104496328531527,-0.129296755483473,0.271310147056562,0.000270725603972259,0.0690767883479424,-1.94747697235573
39573,16.7609337186484,52.5091197632609,6.65218507177656,-0.164199549339227,-2.74586312664052,-1.24059717033619,0.0010732612572893,-0.129118348237238,0.268872751063008,0.000255416093060571,0.0118346874229047,-1.93447615541663
39623,16.7313867752211,52.5103557162028,6.73857834220667,-0.122893933353712,-2.91408686158139,-1.16782267529065,0.000945315278043708,-0.129593028827173,0.277992478659887,0.00029289896245558,0.151996708437466,-1.99176818697674
39624,16.7343322874265,52.5104121706138,6.726073124663,-0.126788003287466,-2.89792055952332,-1.17443441235606,0.000957239131013594,-0.129480407997235,0.277395211024914,0.000291507988800687,0.149929081871647,-1.9847080156261
39625,16.737277809388,52.5104685521349,6.71708473047795,-0.130959296197872,-2.87898702868601,-1.18211437753969,0.000968588765891495,-0.12941815251995,0.276673628550629,0.000290003639976222,0.144538463250413,-1.97935953450838
39626,16.7402233412078,52.5105248599601,6.69690394021109,-0.134276466943508,-2.86953375504225,-1.18644527478619,0.000982784968380807,-0.129191959281544,0.276187821016453,0.000286012945320449,0.139530508863928,-1.9682757605691
39629,16.7490599949037,52.5106933442202,6.66921976496837,-0.146545251614185,-2.81721689199224,-1.20871336946679,0.00101942699250945,-0.128974921536821,0.273625869385196,0.000274295764573372,0.0946045335548433,-1.95110804102399
39630,16.7520055655634,52.5107493589656,6.66025636934762,-0.15056398345444,-2.80081914204345,-1.21594924917724,0.00103221473124311,-0.128900515316667,0.272645942497761,0.000268671727808608,0.0721142824997258,-1.94531858011851
39633,16.7608423356748,52.5109169640361,6.64022083116402,-0.162590611570678,-2.75206349518935,-1.23824261371595,0.00107139262305314,-0.12875193027695,0.269050876237048,0.00024662078618438,-0.0195588218539626,-1.93062320123386
39634,16.7637879449301,52.510972685766,6.63562318179549,-0.166553264760008,-2.73635824257733,-1.24566787298832,0.0010848783897868,-0.128723650049658,0.267581858612738,0.00023737819093787,-0.0571085457869742,-1.92642078217204
39636,16.7696791924643,52.5110839094207,6.63544999358066,-0.174456488358903,-2.7042003169443,-1.26168753083882,0.00111132723181406,-0.128770985263523,0.264018378719557,0.000215754425930192,-0.139227352658345,-1.92185036951764
39683,16.7312941826983,52.5121528800915,6.71259929371297,-0.121805797381878,-2.92454946729134,-1.16256214475953,0.000948582553290146,-0.129045249051746,0.278377480283408,0.000286674830768569,0.152283290761773,-1.98079801040819
39684,16.7342398146296,52.5122093382076,6.70890179159915,-0.126362125908525,-2.90113311578075,-1.17188410550968,0.000958462246520513,-0.129061819540571,0.277548344524031,0.000286056479411805,0.146239886863412,-1.97810333380335
39685,16.7371854573777,52.5122657230349,6.6917440504518,-0.129777569840815,-2.88941360270285,-1.17701052715898,0.000971444669159306,-0.128878971278704,0.277039842789141,0.000282853673652377,0.140130467527314,-1.96863165234151
39687,16.7430767701398,52.5123782729737,6.67166735500859,-0.137674232537844,-2.85550414036558,-1.19147169163616,0.000995042968680963,-0.12871564823285,0.275533107074696,0.000276201876630045,0.114207588523541,-1.95657040437072
39688,16.7460224416308,52.5124344381896,6.65985264760889,-0.141462954121817,-2.84046180375118,-1.19805807941176,0.00100763773260184,-0.128605973018001,0.274751765946065,0.000271560914835696,0.0969877733102464,-1.94953890645252
39689,16.7489681219227,52.5124905297008,6.65066667122642,-0.145371381993833,-2.82419540026264,-1.2052707473266,0.00101995844796263,-0.128530398899235,0.273852385717407,0.000266362205827642,0.0750152120206167,-1.94373444516089
39690,16.7519138128005,52.5125465481763,6.64301224071642,-0.149301207059306,-2.8076714928373,-1.21273938790809,0.00103228146711643,-0.128473021928782,0.272856567687814,0.000260420536152599,0.0489176886951981,-1.9386055938088
39733,16.7046902526457,52.5134385902412,6.8303431112754,-0.0910308203626151,-3.04465581267758,-1.10959089602727,0.000851310761569128,-0.129943092512452,0.282049696821707,0.00028076187162477,0.16334152123234,-2.04841669164011
39738,16.7194186702475,52.5137234635442,6.75148245346338,-0.107174458197772,-2.98532688360025,-1.13618477983522,0.000904689038777662,-0.129163244250373,0.280432418264481,0.000285092341906833,0.158321684047962,-2.00521691672759
39739,16.722364382749,52.513780218394,6.74187396527611,-0.111193704896486,-2.96629352486779,-1.14370968759127,0.000914849955455925,-0.129101002786271,0.279864002058668,0.000285662182308397,0.157173176388198,-1.99967181075704
39740,16.7253101053448,52.513836899789,6.72097906867964,-0.114043700889304,-2.95853648333106,-1.14732280717389,0.000927353709167536,-0.128864102481819,0.279606222845487,0.000284111822061138,0.156026388835372,-1.98852761250123
39744,16.7370930947604,52.514062893585,6.67374703226392,-0.12911864589941,-2.89396109215677,-1.17423411430545,0.000972630907694332,-0.128452800035697,0.277223949639839,0.000276427135212913,0.130724563490588,-1.96151698478252
39745,16.7400388664471,52.5141192085404,6.66086861047768,-0.132769271283628,-2.87929987905424,-1.18057442556932,0.000984718535832076,-0.128331125105221,0.276569841288064,0.000272756290655566,0.117497394113769,-1.95409691721591
39746,16.7429846478405,52.5141754507831,6.65363324308032,-0.136755952906917,-2.86126757226594,-1.18849216174122,0.000995899956673214,-0.128286483825899,0.275732178972711,0.000268816080173052,0.0983336362209712,-1.94939266955475
39747,16.7459304387454,52.5142316192702,6.63567107103052,-0.140081722055957,-2.85030103979114,-1.19323352959549,0.00100954329236484,-0.12809300760844,0.275106461102067,0.000263524699464864,0.0810478879428871,-1.93932724178751
39752,16.7606595401996,52.5145113635802,6.60341228204595,-0.158987466770924,-2.77051325434403,-1.23048194879889,0.00107105057406071,-0.127880187045999,0.269605945908327,0.000228026388072256,-0.077615220718414,-1.91605847407391
39792,16.7045965609214,52.5152357194606,6.80300591047569,-0.089912238147825,-3.0586245261092,-1.10405269894865,0.000855661920332554,-0.12937847116339,0.282498473078856,0.000276853799796091,0.164685620170502,-2.03661175421803
39797,16.7193255780908,52.5155206113925,6.73478589861895,-0.107223835038742,-2.98614953593108,-1.13446141578095,0.000906669382859319,-0.128769742464081,0.280545915809338,0.000281160834512465,0.159223161856673,-1.99877366513783
39800,16.728163106053,52.5156906670325,6.68595513485582,-0.117000474066,-2.94954562832725,-1.14992858644671,0.000940990949914448,-0.128270127784008,0.279375004985263,0.000277337193576963,0.151618558543831,-1.9721863229704
39801,16.7311089684908,52.5157472060036,6.67487955290392,-0.120760588744979,-2.9329615171213,-1.15686373450824,0.000951935856479943,-0.128178232665812,0.278777169144702,0.000275346693252576,0.144222851317124,-1.96579193532693
39802,16.7340548408664,52.5158036711929,6.66483296061483,-0.124570464324567,-2.91597185448576,-1.16408942760483,0.000962880250109432,-0.12809936801796,0.278122674630606,0.000272789252183108,0.133255994703234,-1.95984990864349
39803,16.7370007224193,52.5158600632648,6.65632755349827,-0.128446948937491,-2.89837437680116,-1.17172177232537,0.000973720754137278,-0.128040347917906,0.277396882359038,0.000269673691653063,0.118263910927524,-1.95460582181261
39804,16.7399466144098,52.5159163823528,6.64610311200659,-0.132149423973782,-2.88248257550107,-1.17874237679073,0.000985107576998219,-0.127954776079466,0.276683170371644,0.000265772933333488,0.100774792705963,-1.94847589953895
39816,16.7752980712399,52.5165864922417,6.57790427715349,-0.175057462810219,-2.7094355124685,-1.26103178158013,0.00113537569291439,-0.127475608283387,0.260307319614731,0.000168754967377213,-0.296812390455631,-1.89245786781169
39909,16.7014631335287,52.5187727708563,6.77532358909673,-0.0863455015113104,-3.08075084852025,-1.09268123002354,0.000852521433137785,-0.128610068403367,0.283280425844123,0.000269841022433524,0.16767420156097,-2.02726079433921
39925,16.7486005349222,52.5196792655652,6.572260423633,-0.140167754751342,-2.85437553589798,-1.19093472576312,0.00102317029131947,-0.126771044017373,0.274912556182635,0.000233789249624654,-0.0175970212645069,-1.91178151965562
39968,16.7013692917547,52.5205698946369,6.75967182449006,-0.0868942827585926,-3.07873920078073,-1.09215404809761,0.000855065598866361,-0.128254392419823,0.283329419655715,0.000267171318305066,0.168379324433175,-2.02112894837649
39984,16.7485086137861,52.5214764480633,6.55366490353458,-0.138895584343906,-2.86122574093595,-1.1876963836348,0.00102378075914965,-0.126360721420847,0.275155891296923,0.00022628869823515,-0.0434220186724161,-1.90419044484315
39985,16.7514549046853,52.5215324843998,6.5334686614043,-0.141792146287056,-2.85112016477991,-1.19113930428306,0.00103709031660195,-0.12614777143672,0.274479541539542,0.000220541227746798,-0.0780204965056868,-1.89301859112118
40040,16.7484166829443,52.5232736295889,6.52592594959822,-0.137301318854075,-2.8710000344348,-1.18195948970637,0.0010255559163314,-0.125838990880972,0.275612434934466,0.000220358107892279,-0.0692856337587955,-1.89219050912232
40041,16.7513630931103,52.5233296699332,6.50677760398492,-0.14021741629276,-2.86012952820475,-1.18558727312148,0.00103838034653041,-0.125642474261111,0.274902246418831,0.000215204615033195,-0.106537763678077,-1.8815258940557
40091,16.7276992994651,52.5246764513429,6.60381352152763,-0.114959848849978,-2.96337261546538,-1.14103749217474,0.000947760258564814,-0.126371028131535,0.280093581289791,0.000246579823327043,0.0960825696569856,-1.93945940535332
40150,16.7334996830358,52.5265866541543,6.55358316550189,-0.119922368570695,-2.94534554624539,-1.14833075063686,0.000970939241906152,-0.12565096268855,0.279432921635554,0.000232544370925025,0.035615956202534,-1.91442478625663
40421,16.7624178415116,52.537930671376,6.3156597070157,-0.148985455936046,-2.86572802981379,-1.17386661165686,0.00107968391479324,-0.121572441139765,0.268194742862636,0.000215226429849454,-0.160817586355413,-1.78207266463653
40532,16.7501686697691,52.5466930183453,6.19953895980507,-0.132440538277475,-2.94015873385933,-1.12226447192978,0.00103961399261545,-0.11919868374183,0.275392694672077,0.000236542465088349,-0.0925675195306022,-1.74017293086467
40534,16.7560646439762,52.5468049725466,6.21535990333189,-0.14234846657947,-2.91848401943938,-1.13959703046747,0.00105527614559011,-0.119122951856069,0.270231968279889,0.000239334720756594,-0.0726737527305172,-1.73739930086765
40707,16.8690640814383,52.4679434072239,8.85108489603226,-0.289062216689282,-1.32317194458491,-1.4414337906008,0.00128101277070718,-0.165335154898301,0.0222243908315152,0.000285757012465474,-0.449243918412748,-2.83340582912228
40708,16.8720070335421,52.4679964051384,8.88664741088132,-0.277599383923576,-1.32991369569209,-1.41818230310393,0.00127936516319228,-0.165275041687002,0.0107628227981627,0.000278057129755829,-0.439771349682591,-2.84550697247982
40721,16.8601480787823,52.4695813063294,8.66052579746406,-0.304099083200384,-1.38237143394054,-1.51268573512183,0.00128877210715676,-0.164387748514637,0.0683075070441728,0.000303451431250386,-0.465410462985533,-2.77604965677222
40723,16.8660341762218,52.4696876754064,8.71924123116924,-0.280309623774512,-1.38897205872121,-1.47421712850469,0.00128385236839964,-0.164695200895741,0.0501170448664698,0.000288851284983887,-0.448583736998032,-2.79912084640443
40724,16.8689772384684,52.4697407499485,8.74950267178554,-0.268718558333272,-1.39400821518112,-1.45414739349931,0.00128174934580769,-0.164770780087302,0.0407282702848386,0.000280544207864285,-0.439885026392353,-2.81079205454785
40725,16.8719203100153,52.4697937512866,8.79329179060812,-0.259668574624917,-1.40329779086423,-1.4313489294041,0.00128065167760182,-0.164704811665878,0.0293398404469434,0.000275679218385894,-0.432153196933928,-2.82626346947643
40733,16.8954652113943,52.4702151289901,9.18494753202413,-0.176301631022188,-1.49218948371212,-1.20376675446883,0.00124765860994708,-0.161064526191778,-0.0900540118016133,0.000249129641238462,-0.347423939122272,-2.95479674270757
40734,16.8982850436777,52.4703270077226,9.23664175988574,-0.162242103492144,-1.49857880393667,-1.16760588003218,0.00123590843903124,-0.160201447841846,-0.109304425954714,0.00024602406954637,-0.334751649233052,-2.97174820592704
40743,16.8572353650465,52.4713833248797,8.5780894910996,-0.303436577644107,-1.45977518482719,-1.52773653597235,0.0012963852106348,-0.163153399077954,0.0851455510277237,0.000312359189894078,-0.470227500355339,-2.75071589067511
40744,16.8600608678409,52.4713786382418,8.58912523880485,-0.28814161413229,-1.45320136010508,-1.51501573806902,0.00129092252769883,-0.163585618434418,0.0793197013857787,0.000302580458901202,-0.458594952094261,-2.75787950382767
40745,16.8630040310397,52.4714318627935,8.62154512633867,-0.277270943716372,-1.45650392149643,-1.49758636543249,0.00128848999082806,-0.163802031041374,0.0708801088986517,0.000296905793695759,-0.4509586514944,-2.77140341190966
40746,16.8659472045747,52.4714850140136,8.66451256404662,-0.268733337822747,-1.46425316402771,-1.47745412394234,0.00128721313550554,-0.163880603284015,0.0609461832061591,0.000293427188300818,-0.444315544254131,-2.78777788690979
40747,16.8688903862569,52.4715380919553,8.69546444944979,-0.257638953112225,-1.46963714625298,-1.45879352864063,0.00128487399469998,-0.163991811115027,0.0522707552194461,0.000285850271479589,-0.435405748270377,-2.80045836331237
40748,16.8718335777182,52.4715910971081,8.73567158856542,-0.248352026759511,-1.47868131392821,-1.43797926612357,0.00128327071251767,-0.163978257940647,0.042147320669466,0.000280774906629928,-0.427094348265875,-2.81562218898659
40749,16.8747767785611,52.4716440287556,8.78598639176209,-0.240702951354094,-1.49150548774337,-1.41458815165425,0.00128219970740143,-0.163827230174348,0.0302648351404029,0.000278811388573733,-0.418533539807722,-2.83348880859262
40750,16.8777199875866,52.4716968872301,8.83501608667802,-0.232475584741157,-1.50460804862337,-1.39074455623739,0.00128058778602018,-0.163614378436126,0.0180444697795279,0.000276835549153302,-0.408788057743031,-2.85066854569698
40755,16.8924361724897,52.4719600821474,9.06410847570612,-0.182777892548121,-1.56565972018412,-1.26011281271128,0.00125738231880932,-0.161343790854053,-0.0500939784211125,0.000266037793856384,-0.350554370329093,-2.92805555947814
40756,16.8953794366716,52.4720125015488,9.09920581597021,-0.170114782692687,-1.57314087073861,-1.23256200970729,0.00124844075653253,-0.160680844800655,-0.0643604254845753,0.000261697757890884,-0.337739073413452,-2.93946388814572
40757,16.8982607827495,52.472022870939,9.16269761582566,-0.157437147660136,-1.5767857696926,-1.19444758653239,0.00123659914953022,-0.159841634515631,-0.0849817224684788,0.000259469805471653,-0.326320654729862,-2.96117070498349
40770,16.8629169307669,52.4732291975626,8.56357986262333,-0.264654001063626,-1.52514320757953,-1.49968332491329,0.00129053870654878,-0.163038093568877,0.0807332962962199,0.000297804040075858,-0.445782947699094,-2.75723866079147
40771,16.8658602234657,52.4732823518501,8.58990174883377,-0.252990556887784,-1.52767528037576,-1.48419803937382,0.00128751423289378,-0.163289561502655,0.0735968238085754,0.000289917107364406,-0.436737127019837,-2.769406501719
40772,16.8688035251479,52.4733354336489,8.64116412976512,-0.246585079880487,-1.53991203698968,-1.46335831389472,0.00128688629117534,-0.163267084320102,0.0631078874659243,0.000289518769270584,-0.430061669838892,-2.78867704201366
40777,16.8835201722072,52.4735997433438,8.87614981045078,-0.207402468923385,-1.60605913939912,-1.3535332421377,0.0012748471069899,-0.162268459535863,0.00661264418168361,0.000286011228649366,-0.376162166066536,-2.87260957141609
40780,16.8923502693984,52.4737574510006,9.01238667300959,-0.178569629359914,-1.64294927623685,-1.27709715471572,0.00125665718714355,-0.160749301982998,-0.0332297089727254,0.000282475157057878,-0.339612769561406,-2.91980884045597
40781,16.8951656282763,52.4737189890969,9.05289725978878,-0.167688851062704,-1.64713881141898,-1.25037092185234,0.00124802351920383,-0.160167635828419,-0.0474158445492083,0.000278782161987626,-0.328424519121533,-2.93350302753333
40798,16.8657732333021,52.4750796895751,8.57551701829379,-0.250038004341014,-1.60680509697275,-1.47967351865232,0.00129272785878758,-0.162233627929258,0.0782498416258979,0.000303710452431782,-0.435801891114535,-2.76793221474043
40799,16.8687166549476,52.4751327747221,8.62063427572821,-0.242524007737261,-1.61758363377516,-1.4609780593432,0.00129098626863475,-0.162272003534758,0.0689250624870148,0.00030323936279229,-0.426644997900976,-2.78566749095148
40803,16.8804904328692,52.4753443823329,8.7662616835961,-0.207670488420552,-1.65792973411772,-1.39064745072584,0.00127687797261651,-0.161958939611161,0.0321250172098657,0.000297040861798811,-0.373800521037317,-2.83871395400286
40804,16.8834339003024,52.4753971015654,8.81498555578594,-0.200609606632866,-1.67323672515949,-1.36849090423529,0.001273011493284,-0.161617420527762,0.0204722958216701,0.000298292961500933,-0.361586777947167,-2.85570984807828
40805,16.8863773765583,52.4754497471264,8.86795539275477,-0.193395802557998,-1.689212741714,-1.34404114139448,0.00126840265728138,-0.161183294496883,0.00776098069568398,0.000299757635250742,-0.350148781323295,-2.87453512322134
40825,16.8597991791268,52.4767706302728,8.46775879754523,-0.261824824350193,-1.66591546330766,-1.50682594944493,0.00130118983465538,-0.160806586360152,0.0991742163477514,0.000314847778813229,-0.450347548337811,-2.72628539011839
40826,16.8627427018357,52.4768238648044,8.51510733166913,-0.254749065668183,-1.67436266448536,-1.491066349867,0.00129953381497248,-0.161013511726122,0.0908659579465532,0.000316278370611968,-0.442380497613094,-2.74641429345536
40827,16.8656862339716,52.4768770263069,8.56049286541906,-0.24734740389918,-1.68397907974389,-1.47428192506746,0.0012973925620995,-0.161142491920641,0.082306086826756,0.000317415027438078,-0.432766479310432,-2.76518295531628
40830,16.8745168860853,52.4770360721152,8.61585198893579,-0.213136214023581,-1.68863528199538,-1.44158069203995,0.00128043062984147,-0.16173639867035,0.0635914441935546,0.000304668029597364,-0.381897490075026,-2.78694858652557
40831,16.877460453882,52.4770889406324,8.67643134005823,-0.209162747597745,-1.7088109808627,-1.41929394928603,0.00127878132226511,-0.161436663953465,0.0519796993299,0.000309965743053402,-0.371358918786104,-2.80884147520158
40832,16.8804040328478,52.4771417363883,8.73787264972202,-0.204585996530254,-1.72886723159486,-1.39576856241693,0.00127632568438712,-0.161090573689236,0.0398521375428333,0.000314643001140733,-0.360804879685734,-2.83126906261134
40853,16.8567682968125,52.4785146479075,8.41427959310272,-0.268991537887722,-1.73873289219192,-1.50989131953175,0.00131083780443223,-0.159219828606997,0.10833796298878,0.00032433560713211,-0.457619528314611,-2.70333776602592
40854,16.8597119312215,52.4785679594253,8.45384393065228,-0.259825658517506,-1.74151680942515,-1.49816851767382,0.00130712076000007,-0.159627482421282,0.10174014755937,0.000325318971068037,-0.448655203082673,-2.72221062664289
40855,16.862655573055,52.4786211975866,8.49532700288228,-0.251370460970151,-1.74733058225527,-1.48482103463319,0.00130383288430875,-0.159917778456663,0.0944844746519005,0.000326915286000297,-0.438364038117509,-2.74088837425404
40859,16.8744302366155,52.4788334181996,8.59920255179406,-0.211417076324819,-1.75900068563776,-1.44198778747558,0.00128094421325408,-0.160764535220782,0.0681060208722899,0.000323152566399247,-0.369488004564182,-2.78148193472964
40860,16.8773739249566,52.4788862902822,8.64658262406545,-0.206166398580403,-1.77399990411506,-1.42422186253921,0.00127736227768838,-0.160572858245452,0.0583832443173735,0.000326630438869518,-0.356240577569885,-2.79811487904169
40882,16.8507934412299,52.4802051238441,8.30231137942371,-0.281175715335111,-1.80491822836234,-1.52052699012397,0.0013235712458732,-0.157088746232859,0.123681021084489,0.000317678400598237,-0.465941285185031,-2.65268044673223
40883,16.853737175749,52.4802585851856,8.33894769776805,-0.271035396064077,-1.80149838437418,-1.51346315493947,0.00131754442391974,-0.157723320427584,0.118478169352663,0.000322729172555491,-0.460197941595402,-2.67200144201558
40884,16.8566809205372,52.4803119732686,8.38181507246998,-0.262646610558715,-1.80335385244057,-1.5036843302511,0.00131358223525008,-0.158208379085572,0.112263367868996,0.000327134071687621,-0.452608686118903,-2.69278417542705
40892,16.8802312037153,52.4807364420479,8.69102046354567,-0.20143891609293,-1.86022952462694,-1.40391336558176,0.00127281131705846,-0.159297658864153,0.0516939725680658,0.000350241324651907,-0.33350245283825,-2.81490459677229
40893,16.8831750307585,52.4807891710864,8.74886246689061,-0.196520570505689,-1.87760361131974,-1.3824878956772,0.00126786316255878,-0.158969743361517,0.0407182226720098,0.00035395783456494,-0.323654253989485,-2.8372413262781
40915,16.8507058157643,52.4820024415578,8.25829360122793,-0.27174841574185,-1.86079010760591,-1.51455666470747,0.00132340331211218,-0.156168199550434,0.127787632960253,0.000314880542108945,-0.459452189404076,-2.63740757047458
40916,16.8536496698038,52.4820559064402,8.30505560400593,-0.264405573841216,-1.86193917309576,-1.50664302733828,0.00131946715284251,-0.156719178785606,0.121880737064005,0.000322988375158775,-0.45413950923905,-2.66026664759931
40917,16.8565935341774,52.482109297705,8.3482604332039,-0.256191274128312,-1.8636009320327,-1.49829680603133,0.00131496376412753,-0.157231341772567,0.115960574748975,0.000329780933119524,-0.445823496477105,-2.68127610901388
40924,16.8772008387576,52.482480988227,8.61225104696109,-0.204990749691029,-1.90205640633237,-1.42727679723693,0.00127417849635749,-0.158661203460353,0.0663703039065306,0.000362763348462792,-0.328715181402682,-2.7828274407151
40925,16.8801447764035,52.4825337940609,8.66687347740617,-0.200982608904528,-1.919203975751,-1.40844546630852,0.00126952909767528,-0.158393271056916,0.0564680026754996,0.000367181666148395,-0.318047830652166,-2.80341302575164
40947,16.847674215156,52.4837462173051,8.16047237267276,-0.2675097893597,-1.91005977059588,-1.51620351695003,0.00132382139257416,-0.154729564790884,0.137604025530564,0.000301481613438924,-0.455956242172999,-2.59560294191317
40948,16.8506181798807,52.4837997586484,8.21731338177835,-0.263208514655744,-1.91381616761124,-1.50873762674055,0.00132269244878083,-0.155262915183224,0.131376104191047,0.000312331733533015,-0.452736645382439,-2.62266957095414
40958,16.8800583394403,52.4843311452095,8.64436524912639,-0.201458558621723,-1.97489519818084,-1.41246580182046,0.00126567463086729,-0.157465184515386,0.0602985235948048,0.000383603405041569,-0.30134324190454,-2.79084562641935
40959,16.8830024058989,52.4843838812791,8.69387962429892,-0.197204828100168,-1.98883355649321,-1.39533664144805,0.00125939013851203,-0.157194981749923,0.0509820856679579,0.000386457843327942,-0.290155793381388,-2.80924280003535
40960,16.8859103292683,52.4844597888567,8.74502947740029,-0.192483794836261,-2.00299619866448,-1.37705585677622,0.00125239089406261,-0.156866064938821,0.0414077631513212,0.000388859476464748,-0.280353292106703,-2.82941813006778
40974,16.8328661650836,52.4852747078594,7.8655188947522,-0.286384772198581,-1.98970656582348,-1.51930220525905,0.00133122923452456,-0.149728553814603,0.161785595219672,0.000223406338503509,-0.450114284961568,-2.44394845554586
41047,16.8562438966412,52.4892985894922,8.21209270297209,-0.232469004616764,-2.06092422358681,-1.49000078197648,0.00130263505202831,-0.153733077138057,0.126648436064415,0.000358553634368326,-0.385324104095412,-2.62121126150885
41069,16.8414342412617,52.4908281346784,7.90960599133905,-0.248779125156492,-2.09713570611711,-1.49578694951842,0.00131712157604099,-0.149766642125098,0.154974114823442,0.000271518879980628,-0.432591495490406,-2.48004956255818
41070,16.8443786674695,52.4908818363293,7.96331275857847,-0.244238652833932,-2.09438705555937,-1.49661715301997,0.00131347883117989,-0.150537511689674,0.150441507975662,0.000294210949232848,-0.424100152007306,-2.50650327672236
41072,16.8502675471638,52.4909890200517,8.0733917170445,-0.236175677600286,-2.09534446115307,-1.49526341746353,0.00130526376445629,-0.151856330600564,0.139775026903758,0.000336217425675828,-0.397169466836631,-2.55690492733629
41073,16.8532120013874,52.4910425022369,8.13028679854187,-0.232806460103408,-2.09939539089849,-1.49242679872647,0.00130167867639601,-0.152384737927916,0.133793968458694,0.000353932978761316,-0.38125401561807,-2.58197695249112
41074,16.8561564639395,52.4910959107632,8.18772028801197,-0.229750288993614,-2.10543215530996,-1.48826165801005,0.0012978821944044,-0.152821668547023,0.127424790338408,0.000370149889369994,-0.3653346233544,-2.60664490943088
41075,16.8591009365181,52.4911492461776,8.24502395125887,-0.226930121233696,-2.11309795249865,-1.4828334573362,0.00129359735589668,-0.153166435496029,0.120698415190567,0.000385139051820995,-0.349889995619423,-2.63054965803019
41095,16.8472353017023,52.4927327751874,7.99206105038888,-0.236252154495013,-2.13540398193186,-1.49307198573453,0.00130373988850511,-0.150354649216338,0.145504954330219,0.000327613100310478,-0.391784419347538,-2.51637676243342
41118,16.8383134934791,52.4943689588502,7.79970213439674,-0.241544518958289,-2.17556076615131,-1.4869053222433,0.00130292594267111,-0.147444066066258,0.158935220532277,0.000278411521160554,-0.408639317465648,-2.4191586846689
41122,16.8500921756839,52.4945836469423,8.02972652782296,-0.231689918354975,-2.17941043494923,-1.48834259079138,0.00129609049862916,-0.150003130367205,0.139728667023269,0.000357130535173378,-0.357823862767062,-2.52918231144781
41147,16.8382253138161,52.4961662576927,7.77955070996381,-0.238291314985126,-2.21198881887933,-1.48324156403977,0.00129545816145673,-0.146663079957269,0.157865287424116,0.000294301728203276,-0.386555286169889,-2.40409608809
41180,16.8381371256237,52.4979635558338,7.76089414375804,-0.236474510400324,-2.24866405810856,-1.4781218491139,0.00129101979624783,-0.145811766591526,0.156872119899937,0.000303104661169855,-0.366267769718998,-2.3907655816505
42165,16.9484589363161,52.5341070118621,8.62023404853971,-0.150880852896577,-2.14219607843649,-1.38315908246587,0.000747505073108844,-0.131681307638601,0.0179315730243381,0.000280011383814283,-0.0698388617896235,-2.79210946226704
42175,16.8157405744574,52.5335303158801,7.15561236437532,-0.243773013100231,-2.71561716132923,-1.38818179075115,0.00115738812833432,-0.127921089780751,0.165723700777733,0.000313457165662421,-0.0778639475226066,-2.02226926515971
42220,16.9483751276958,52.5359044256766,8.6175296033764,-0.156334308644976,-2.16556478007585,-1.38751602982042,0.00074776917353956,-0.131735222348057,0.0199092246009105,0.000279397460425906,-0.0674381471471213,-2.78349529982324
42287,16.821457066317,52.537233518525,7.30151190072263,-0.25460668235263,-2.73249874594768,-1.41193980707872,0.00113044606389451,-0.128345071898732,0.150903299462529,0.000350358663051855,-0.0624495836008189,-2.06408627477379
42383,16.9422276689873,52.5411942810741,8.62152783519537,-0.184981380463366,-2.30709008596159,-1.40100717264281,0.000778836835107826,-0.132926042571006,0.0268870257794802,0.000297766031504651,-0.0591826395954751,-2.74145739809717
42398,16.8212790478318,52.5408280487323,7.30067503987959,-0.256759593489074,-2.75439358707294,-1.41232985274209,0.00111485659952773,-0.127542104567564,0.149556620549804,0.000349566392999864,-0.05399464907346,-2.05744633230972
42439,16.9421435845582,52.5429916858189,8.61449720265614,-0.18868156264304,-2.32329690039806,-1.40504276673154,0.000778131651286092,-0.132864535489666,0.0283241566406414,0.000295849214666605,-0.0571759881533183,-2.73262184932537
42496,16.9391112740721,52.5447377819932,8.59946180589168,-0.19851829779137,-2.3749492150651,-1.40356109192372,0.00079365752177365,-0.133254530458959,0.0304428367602796,0.000301900497630542,-0.0542333491041691,-2.70703212907767
42497,16.9420594912213,52.5447890893745,8.60858009609183,-0.192129872541386,-2.33811627625316,-1.41015410033849,0.000777102497135088,-0.132791798753763,0.0297254590614386,0.000294047858818119,-0.0553207616214522,-2.72499499915921
42498,16.9450077172508,52.5448403234133,8.60787189524217,-0.185653723200947,-2.30154921760887,-1.41162381104407,0.000761861532924984,-0.132310959578589,0.028937686493764,0.000284660692226504,-0.056146884337386,-2.73651187379755
42556,16.9419753890348,52.5465864926111,8.60039864687997,-0.195469199353028,-2.35331308119068,-1.41309263961867,0.000776550322739983,-0.132722656131135,0.0309724735821426,0.000291791724834956,-0.0534104342634421,-2.71569870419717
42557,16.9449237352677,52.5466377301062,8.60538074560736,-0.189097646379512,-2.31558481588888,-1.41913703525179,0.000760533871859174,-0.132249677489195,0.0304054492480841,0.00028340331318942,-0.0544971898117845,-2.73129882766966
42616,16.9418912783108,52.5483838951877,8.59303305036588,-0.198599376155897,-2.36740008364871,-1.4167743656227,0.000775764875625282,-0.132645211730864,0.0321830768408837,0.000289611577562479,-0.0516253743432191,-2.70731588227773
42822,16.8501418363223,52.5539482159415,7.78517833968237,-0.278641072712137,-2.76683082594223,-1.44735248903557,0.00103140162757812,-0.129675224573457,0.0939473073809189,0.000361727426464536,-0.0462343348031187,-2.20627077498978
42883,16.8530027371365,52.5557990432295,7.82110915537976,-0.279482229376995,-2.76905839890731,-1.44850046108112,0.00102137560682822,-0.129718983189859,0.0898682727646376,0.000357135109354888,-0.0447560944032803,-2.21838196164026
42940,16.8440682700985,52.5574355108897,7.68563409397484,-0.278171271098481,-2.7916115695156,-1.44402084311841,0.00102897321290984,-0.128082143381466,0.102248029091443,0.000346513062438346,-0.042930820529294,-2.16544896637754
43044,16.7996561635527,52.5602159202448,6.80205053452107,-0.241000843284862,-2.88602458396602,-1.31754662951691,0.00107070192048494,-0.118519277127485,0.179579484660002,0.000249603663527968,-0.0109758574572074,-1.85185104145376
43807,17.2400878118017,52.4704495033076,5.847006913207,0.00350081171125183,-0.190078147251938,-0.308281819575967,0.000413632297569924,-0.0909363377912245,-0.216059915439175,-0.000228490260541225,0.0699157151874488,-1.39517174948685
43831,17.2341297922283,52.4721604429259,5.79615440710381,0.0053923453597946,-0.204726134289785,-0.312611869437866,0.000418367278505763,-0.0910328566298357,-0.216020845677335,-0.000237921201304322,0.0697701587457047,-1.35229836040207
43832,17.237071860303,52.4722031771711,5.82554652385033,0.004396877762332,-0.205553543827364,-0.311713665440543,0.000415974449920697,-0.0910191419261528,-0.215302431903773,-0.000234127204091023,0.0695073103899766,-1.3752022568666
43833,17.2400157393278,52.4722470221961,5.83830065966026,0.00398055324782121,-0.205623440091898,-0.311136548206392,0.000413948432802277,-0.0909599188784203,-0.2146894227402,-0.000232199281394618,0.0691137261947112,-1.38633885701347
43834,17.2429596251608,52.4722907934934,5.86069760117061,0.00324171815325158,-0.206355107987491,-0.310381450278349,0.000411784636206808,-0.090927575879955,-0.214032027402546,-0.000229269207391802,0.0687982992959491,-1.40422772180011
43835,17.2459035182385,52.4723344918162,5.88186379395938,0.00255155887298741,-0.207152104153238,-0.309654546082509,0.000409691337670798,-0.0908922449640874,-0.213391215480492,-0.000226521227246285,0.0684747309543567,-1.42120798292785
43836,17.2488139796772,52.4723956787235,5.90811969287461,0.00170638032178516,-0.20855477579758,-0.308861407244599,0.000407558479426889,-0.0908714303320206,-0.212725368495942,-0.000223311079361882,0.0681857479576102,-1.44169852029859
43858,17.2281680492395,52.4738689294839,5.74203797962195,0.00745175621586114,-0.22150418492734,-0.317213243217509,0.000423270623750069,-0.0911033982708247,-0.215924753089045,-0.000248151003557073,0.069415098876334,-1.30689415825111
43875,17.2782166606288,52.4746081130491,6.06335707149742,-0.00308617078596285,-0.233454844552909,-0.305307064155016,0.000390698922584767,-0.0904765207423139,-0.20581475367727,-0.000206524824855461,0.0641311917654335,-1.56677806846574
43876,17.2811607638272,52.474650935559,6.10353167149492,-0.00421252555481999,-0.236704365201348,-0.304188547936324,0.000388661620549943,-0.0904889991430409,-0.205256995341795,-0.000202338930432908,0.063984857133903,-1.59679935368172
43877,17.2841048744991,52.4746936844713,6.14411817520318,-0.00533033395922544,-0.240348531524717,-0.303056944572038,0.000386660951751286,-0.0904980699396711,-0.204685580147441,-0.000198219477273318,0.063808212935033,-1.62713092324805
43902,17.2722580455153,52.4763200163122,6.0543161549972,-0.00254926519325949,-0.245627920357151,-0.308410235960032,0.000393309546999565,-0.0906758804633245,-0.205678731469696,-0.000209956713525986,0.064440975754902,-1.55436961019404
43903,17.2752022539451,52.4763629880606,6.06757549255371,-0.00296014281177648,-0.246434715605261,-0.307821439992782,0.000391791810719702,-0.0906295169204459,-0.205197727950036,-0.00020831315010289,0.0641247638125826,-1.56542417879984
43904,17.2781464692977,52.4764058861106,6.07569730738578,-0.00323391298489639,-0.246975383615279,-0.307346971634818,0.000390424843029355,-0.0905720838040516,-0.204730795374271,-0.000207212840646578,0.0637697693731205,-1.57281480266056
43905,17.2810906928841,52.4764487111817,6.08621646150618,-0.00358183792545219,-0.247853006192003,-0.306833835572476,0.000389046373995866,-0.0905205951980426,-0.204243911204472,-0.000205920567144191,0.0634258610723819,-1.58187912269409
43906,17.2840349235491,52.4764914631389,6.1057808946432,-0.00416969941446155,-0.249524472298134,-0.306137577231453,0.000387504167756084,-0.0904897600564407,-0.203733260310706,-0.000203780594541986,0.0631474074757392,-1.5973166494399
43928,17.2751319349466,52.4781607574343,6.08569391697597,-0.00336932371056875,-0.262112701185856,-0.309874469379835,0.000391447354564839,-0.0907314331724915,-0.203817349038598,-0.000208732702001932,0.063638628713278,-1.57563472924301
43929,17.2780762714957,52.4782036584127,6.10136104180901,-0.00383133112118017,-0.26285861813443,-0.309201855067361,0.000389905873197163,-0.0906922629063454,-0.203377879089011,-0.000206822773329382,0.0633700326118323,-1.58836795365528
43930,17.281020614447,52.4782464859434,6.10999923268923,-0.0040940091344801,-0.263050663922655,-0.308675961083257,0.0003885457415789,-0.090638270549511,-0.202985398840838,-0.000205606016565663,0.06306241974562,-1.59608294849545
43931,17.2839649644895,52.4782892406659,6.11996075144475,-0.0044026524002021,-0.263526993178175,-0.308135388970527,0.000387195058276488,-0.0905876024470835,-0.202571340140608,-0.000204309765614197,0.0627556700136687,-1.60471506498448
43932,17.2869093224255,52.4783319222849,6.12735186878353,-0.00465001128565135,-0.263925944259427,-0.307658591651862,0.000385936641592213,-0.0905318315506562,-0.202157554419141,-0.000203297496874547,0.062426912749995,-1.61150307527498
43955,17.2838949985553,52.4800870180317,6.13705274853396,-0.00478957851022344,-0.278956527391955,-0.310155642278911,0.000386854204401016,-0.0906876978495887,-0.201207248727211,-0.000204757255525351,0.0622714126019268,-1.61422888770483
43973,17.2779358516799,52.4817992012263,6.0936519401173,-0.00344969358339853,-0.291328739098702,-0.314259924458518,0.000390086640716464,-0.0907934153357388,-0.200759633960367,-0.000211873142596172,0.0620305517851314,-1.57759202491741
44094,16.9881008469657,52.4412465467993,8.07399488032274,0.0646432943938891,-0.24329323441728,-0.207494318338022,0.000596472878363959,-0.185143187032992,-0.805458138087523,-0.000444243692543846,0.100685017922412,-1.09812076273272
44095,16.9910422398334,52.4412965659573,7.8412463761681,0.0701501237441562,-0.249755354243788,-0.213927171161517,0.000600391341714473,-0.180822330616053,-0.773724697616657,-0.000453556713287423,0.105118916587045,-1.03381464362269
44107,16.9880189314638,52.4430440331686,7.96355606842553,0.0712758064874706,-0.282355629044901,-0.219320088410351,0.000609496028842108,-0.179930002795132,-0.786045404222712,-0.000436830213681669,0.0985162064600082,-1.09350096178832
44108,16.9909604448271,52.4430940553206,7.74181897426979,0.075885667457257,-0.287661970073316,-0.225275858080135,0.000612880358214838,-0.175914077741147,-0.756680608506052,-0.000446206047588792,0.102772313080074,-1.02916896051386
44109,16.9939019666678,52.4431440043618,7.5080952941637,0.079992257420578,-0.290006259955263,-0.231593743595766,0.000616361161857462,-0.171317572343664,-0.725685391198944,-0.000454190978843458,0.107548052585557,-0.963820702439875
44121,16.9938202824004,52.4449414968267,7.41551482882051,0.084689463903004,-0.329040748504411,-0.242996399646931,0.000629498082958512,-0.166654268781404,-0.708242523801601,-0.000446376404070012,0.104973545497025,-0.962155597813648
44122,16.9967619322447,52.4449913757879,7.21416929126553,0.0874977814451512,-0.327921233882776,-0.247809796974082,0.00063131949878157,-0.162866077832891,-0.684541809977986,-0.000454527742311195,0.109344860354074,-0.897788618523919
44134,16.9937385891572,52.4467389878662,7.37325194992422,0.0884675807511712,-0.369288719129045,-0.252667466794316,0.000641107657329257,-0.163475887429968,-0.701125603274804,-0.000439518776777136,0.101644997738887,-0.962284466612459
44136,16.9996221373602,52.446838679622,6.96116232604709,0.0928384449506936,-0.363606539237651,-0.262364053804445,0.000644430259788416,-0.15553115209218,-0.651361891821104,-0.000454729889914358,0.11076053811081,-0.834119527825123
44150,16.9936568875341,52.448536478511,7.28804332403138,0.0910516888944173,-0.409985650483648,-0.264115589677225,0.000654047760488202,-0.158815133940291,-0.684436440883054,-0.000428513529047304,0.100074682587447,-0.961621313059823
44151,16.9965987774388,52.4485863643261,7.09137693190974,0.0929234800866254,-0.407414477090484,-0.268580134175398,0.000655334934358076,-0.155219821173919,-0.661324456727996,-0.000436841124872682,0.104262746026745,-0.897466131569445
44152,16.9995406745285,52.4486361768948,6.88416836184865,0.0943612736431376,-0.402722662561104,-0.273267717176191,0.000656632829972172,-0.151117226878849,-0.635802515829347,-0.000443510626320955,0.109017451150613,-0.834603890280732
44166,16.9906331772157,52.4502840066305,7.40801483141013,0.090692384854151,-0.452013864943595,-0.270973479006367,0.000664828405798477,-0.157763936777954,-0.692719674088085,-0.000406703289804397,0.0946636754585164,-1.02596040737137
44167,16.9935751777308,52.4503339686885,7.20329711719569,0.0920888858335829,-0.450364605274729,-0.275612300167532,0.000666419205365424,-0.154021962405011,-0.66755466283977,-0.000414752260798942,0.0990340238643235,-0.961112526185616
44168,16.9965171862382,52.4503838575575,7.01761562037609,0.0936658557589851,-0.447125720679651,-0.279603480077252,0.000667134423866235,-0.150779604190255,-0.646442751610177,-0.000423594755958101,0.102845792266038,-0.897896642758155
44169,16.999459204264,52.4504336733624,6.82372668598896,0.0948497671461865,-0.441870580587093,-0.283706125124704,0.0006677946249159,-0.147139554342985,-0.623414045012833,-0.000431086511485601,0.107111460216206,-0.83582119066773
44185,16.9905513389288,52.4520814928335,7.34389764569551,0.0913947611300543,-0.493125163218252,-0.282259534311502,0.000676189176704705,-0.153541665479167,-0.679431130997468,-0.000392440537209403,0.0932663940021321,-1.0276601559965
44186,16.9934934591214,52.4521314583578,7.14374727694644,0.0922889481856899,-0.490490976830003,-0.28651582968528,0.000677358104321667,-0.149950386128932,-0.655132067606349,-0.000400657984458541,0.0974448728941653,-0.96293560931224
44187,16.9964355869563,52.4521813501964,6.96919411017802,0.0937311472877056,-0.486761437511262,-0.290056097404833,0.000677529687399649,-0.147092070504854,-0.636187582834076,-0.000410391434603884,0.100768076586093,-0.900253369696316
44207,16.9904694922367,52.4538789784181,7.28507969567454,0.0910307019976742,-0.533150996147711,-0.293541852956087,0.000686523678285251,-0.149437086633561,-0.666379971087359,-0.000377104216456974,0.0918201290526959,-1.03088468732494
44208,16.9934117309662,52.4539289468794,7.08950721788733,0.0914848205880148,-0.529532542551223,-0.297378756491977,0.000687259773862681,-0.145996604726971,-0.642955895863896,-0.000385571844169728,0.0957930588673612,-0.966337450554875
44209,16.9963539798084,52.4539788422898,6.92052529048783,0.0927494915944678,-0.525294016770417,-0.300619599819898,0.000687105337298878,-0.143332157378154,-0.624968585415129,-0.00039576370495497,0.0988435980309035,-0.904184591123567
44229,16.9874452856323,52.4556264184585,7.43997908059328,0.0901697996329176,-0.575006311128433,-0.301027076087969,0.000694731583260615,-0.14918776144631,-0.679275703351372,-0.000352989604471145,0.0860646445951865,-1.10318808795967
44275,16.9902238988784,52.4592714314431,7.17530956801761,0.0863470847241601,-0.646116598342743,-0.326691056396324,0.000710568099431689,-0.139224572298552,-0.634176446984174,-0.000331607548736026,0.0865705391465958,-1.05573932292486
44277,16.9961091043761,52.4593713145205,6.82434355156943,0.0862187013207176,-0.633619560339099,-0.331590527500103,0.000709594160690784,-0.133633432173777,-0.594259217635134,-0.000351523566746961,0.0928833742787774,-0.931852078165548
44328,17.0018315302868,52.4630658961356,6.51076128288764,0.0829449292196855,-0.68347671192052,-0.355142021904243,0.000714681939413379,-0.124712707423914,-0.54796285097051,-0.000348192370738229,0.0912667176888977,-0.848619132332715
44348,16.9840923381787,52.4645636835397,7.46013307547582,0.0846969579761279,-0.779795644678529,-0.364363264690423,0.000733246297945844,-0.136834495989152,-0.632492185033065,-0.00027383582629352,0.0677622343949089,-1.23809939617331
44374,16.9840101918215,52.4663611578795,7.37712811655206,0.0833935198131357,-0.825478405116939,-0.382578087461303,0.00074240914435606,-0.133342065908284,-0.602553431560668,-0.000264495935894379,0.0618056683149941,-1.2526950840529
44375,16.9869532516322,52.4664112953787,7.21511392546063,0.0817845632368872,-0.811792786575324,-0.3808132238824,0.000738723511318513,-0.130950960583061,-0.589066071024142,-0.000275354618551493,0.0661776428273981,-1.18470621802385
44376,16.9898963202004,52.4664613595864,7.06138076018533,0.0803957183821709,-0.798065155408224,-0.379284122932722,0.000734987210179452,-0.128692206699284,-0.576193214978833,-0.000285898485266167,0.0701326933091355,-1.12039127978414
44377,16.9928393974632,52.466511350644,6.92709850648021,0.0795670948903933,-0.784891540034877,-0.377878405065232,0.00073087788988496,-0.126836890146262,-0.566501879775409,-0.000296233325223549,0.0736489922486072,-1.06033257462343
44384,17.0134411801389,52.4668592390292,6.02640088385442,0.0849709810735249,-0.719329270378438,-0.379685204532876,0.000710645927066364,-0.115502496729111,-0.491325332057105,-0.000376220829578902,0.0890442228558932,-0.672697409070338
44385,17.0163843258909,52.4669086447327,5.91255153936618,0.0878517142405855,-0.717521335600509,-0.381709242278209,0.000709306668947095,-0.114523053015105,-0.4847251160116,-0.000391056546388269,0.0898277532338945,-0.613613707741479
44386,17.019327480776,52.466957976917,5.80020771288264,0.0912261565340557,-0.716978543446743,-0.383960143848284,0.000708033564663056,-0.113671936362188,-0.479553436812086,-0.000407078950272546,0.0904818025043141,-0.551482458855048
44400,16.983928036214,52.4681586317998,7.29713526397768,0.0821797816054115,-0.872155869753783,-0.401852664845819,0.00075091555631463,-0.130165164728126,-0.570835963926559,-0.000256584612976771,0.0548817114665869,-1.27068462036573
44425,16.9809025810797,52.469905888109,7.43217127957359,0.0838132398046554,-0.937341769739433,-0.425823379186248,0.000761719542164114,-0.130525900205704,-0.558341413542202,-0.000235993717945207,0.0422813771805313,-1.37274948942104
44426,16.9838458710949,52.4699561052022,7.22985127363563,0.0809908648006115,-0.91911587116266,-0.421746012093134,0.000758304259817388,-0.127457926158442,-0.539596173919673,-0.000249486391206158,0.0473263272524544,-1.29311175369037
44427,16.9867891712398,52.4700062490732,7.08157297514572,0.0793041588304959,-0.901159083102783,-0.41744158152212,0.000753300859550218,-0.125365043797903,-0.530040111309976,-0.000261048046471021,0.0519854346237327,-1.22569517759632
44431,16.9985624554591,52.4702060929546,6.56622149852979,0.0748682678174362,-0.83273213749716,-0.403958242722236,0.000733175772618863,-0.118276248336272,-0.496200231760916,-0.000302686292076498,0.067128954201749,-0.992607776350269
44432,17.001505798295,52.47025587098,6.45352670638545,0.0747460769168242,-0.816669228664225,-0.401459232143445,0.00072798722762594,-0.116826645914541,-0.489085541392587,-0.00031244728596598,0.0703533686955264,-0.940969325200172
44453,16.9808202878425,52.4717033576773,7.41894462294135,0.0835722073458811,-0.986784347843567,-0.447185257176752,0.000766847448441554,-0.128931961975152,-0.535176163355764,-0.000226929064125955,0.0343603601318705,-1.40777909085648
44458,16.9955374275093,52.4719537275866,6.64916793895827,0.0740228150630458,-0.890389849068555,-0.422832575770524,0.000743209409906935,-0.11800200749364,-0.479168497033207,-0.000287380151471173,0.0562992606592836,-1.07320613954471
44459,16.9984808813521,52.4720035817242,6.53298729076937,0.0732782778695409,-0.872310666609835,-0.419058403815491,0.000737784784916817,-0.11646174287022,-0.472104871261209,-0.000297355619631109,0.0598306222675582,-1.01989673678145
44471,17.0338029957169,52.4725961242909,5.35280386615409,0.0964364909912234,-0.792046203503389,-0.417076719296237,0.000699367662769047,-0.105722707219737,-0.428118974246264,-0.000446805384458335,0.0824199163856942,-0.369755268414451
44483,16.9866250555815,52.4736012006148,7.01762509519108,0.0771248840982892,-0.992055007634093,-0.456034730929694,0.000763302341368357,-0.121827701913556,-0.478319464644667,-0.000248016287881542,0.0363015541614562,-1.28488375158713
44485,16.9925121598,52.4737012816,6.73672740323263,0.0736724598518776,-0.951025464508376,-0.444432277711076,0.000752964113929482,-0.117959813455222,-0.460311676656115,-0.000271869923925014,0.0448545103904454,-1.1584093670233
44509,16.9777120345674,52.4752479947838,7.58165269347046,0.0846784242675227,-1.10796413313376,-0.50215860681412,0.000778758000540272,-0.128729689863345,-0.49434381003228,-0.000192431165953549,0.0120848001675764,-1.57344236288168
44510,16.980655675926,52.4752982949805,7.35710386220535,0.0808493621119837,-1.08355381216582,-0.492613651352183,0.000775667197386202,-0.125483881663234,-0.477530003139417,-0.000210869474410208,0.0179652398360215,-1.47706427810999
44512,16.9865429849272,52.4753986752239,7.00040938049438,0.0757103619959381,-1.03708138735261,-0.476062144914358,0.000766813189456986,-0.120506592985818,-0.453479495868947,-0.000241484510957013,0.0283359583046874,-1.31909526570212
44513,16.9894866525468,52.4754487555849,6.87535793700158,0.0743954315210189,-1.0160715849175,-0.468937253123396,0.000761140758631716,-0.118900026876348,-0.449327499146932,-0.000253811651708472,0.0329600341335734,-1.25465130099144
44514,16.992430328849,52.4754987630086,6.72793939388362,0.0724267536433345,-0.993908737510978,-0.462247419632554,0.00075617555064302,-0.116859283069756,-0.438658205580843,-0.000266318035951035,0.03717126168082,-1.1913165012445
44539,16.9805733572928,52.4770957621641,7.31242444116788,0.0782505356587393,-1.12898699330103,-0.515791841500842,0.0007789901343774,-0.123714387611681,-0.444675629359725,-0.000203924888278847,0.00981825181206197,-1.51050572951146
44568,16.9804910296832,52.4788932290948,7.27635456842631,0.0752197987500836,-1.17235086361384,-0.538925009826876,0.000781074421619319,-0.122207085564625,-0.41299501037377,-0.00019692807190308,0.00189897157854269,-1.5456805549826
44569,16.9834349194164,52.4789434628564,7.08573801092439,0.0723242569204103,-1.14548846271876,-0.526843311142734,0.000777166957480966,-0.119610324197513,-0.401450976208411,-0.000215013594248067,0.00755546395510009,-1.45930254658458
44599,16.980408693379,52.4806906953703,7.25912116261634,0.0720811779017581,-1.21427224915143,-0.562226074930027,0.000781695034246882,-0.121103372039551,-0.384471347021741,-0.000189215362117953,-0.00574663543674347,-1.58457117940543
44633,16.9803263482738,52.4824881613957,7.2910982791484,0.0697479171022763,-1.25804519414356,-0.587273970164429,0.000780118518421968,-0.120850724513071,-0.363868040942734,-0.000178773851783345,-0.0133530810447002,-1.63470180760874
44709,16.9831060013158,52.4861333366624,7.1332438500292,0.0603189052883693,-1.3049585001008,-0.616985407975477,0.000772985448266695,-0.117558464787678,-0.310748790148095,-0.000181794204017427,-0.0210216169517654,-1.63234356949056
44710,16.9860503792214,52.4861835097739,6.96867057838631,0.058618954895536,-1.27606094703051,-0.599816136365792,0.00076965515371805,-0.11548376778973,-0.305794900509829,-0.000201076908306536,-0.0152451717220501,-1.54926281254177
44749,16.9830237500268,52.4879308039378,7.14967017784147,0.0563309008260049,-1.33930363631881,-0.639569206921372,0.000770001855123225,-0.117240576453945,-0.28895208276797,-0.000173144205416961,-0.0272319174986784,-1.67585075767022
44793,16.9888307347378,52.4898285559036,6.88458094043244,0.0506017698867467,-1.31823610476347,-0.625891447655256,0.000760170518994395,-0.113589821883441,-0.266369094119028,-0.000201995851322453,-0.0219858743517563,-1.5626354740624
45300,16.9731982982306,52.5093492718983,7.93822697153246,-0.00725050779887582,-1.6261225878796,-1.01339883227714,0.000695568117679523,-0.122447077023542,-0.0869298125825146,2.71823575000302e-05,-0.0843104601580045,-2.42447601732624
45354,16.9731155742319,52.5111467211037,7.97074790379997,-0.0127588893567747,-1.6351363672237,-1.03950779875224,0.000688856204537801,-0.122625510720615,-0.0765857849316163,3.83387909400484e-05,-0.085076024413091,-2.45607303542772
45355,16.9760616054742,52.5111971593536,7.87226587588611,-0.0103326170496985,-1.63045070007815,-1.01131004001737,0.000687203489843965,-0.121654892405727,-0.0823847804180691,1.33462304545279e-05,-0.0817877553617876,-2.38699157450537
45356,16.9790076452305,52.51124752425,7.73313071462439,-0.00846354220360723,-1.62297169020335,-0.97169614533999,0.000688605124070017,-0.1201935954806,-0.0870294310360293,-1.57529039765542e-05,-0.0768367022271015,-2.29834592745192
45358,16.9848997509187,52.5113480344149,7.4917170380877,-0.00422860664615143,-1.60325285472031,-0.909882761766688,0.000689390767410194,-0.117671597254997,-0.096927832537979,-6.54790094889168e-05,-0.0681455672224427,-2.1418153495697
45411,16.9759789922907,52.5129946106395,7.89573315739108,-0.0157636416775055,-1.63910516510048,-1.03287936723019,0.000681211787791371,-0.121739765530206,-0.072243164681268,2.27539620902967e-05,-0.082017642594483,-2.41349848182733
45462,16.9729500991458,52.5147416169628,8.02759004683458,-0.023932730103958,-1.6533088533352,-1.08870125749898,0.000676850940130848,-0.122945875203627,-0.0577849858118089,5.91616259255912e-05,-0.0854523185781026,-2.51059654037658
45465,16.9817889390878,52.5148927312432,7.68752467649733,-0.0161793357034981,-1.63509927661163,-0.985605987980531,0.000675266765245958,-0.119477929292811,-0.0726990689858784,-2.06162629764473e-05,-0.0741948656049232,-2.28670182051644
45466,16.984735236688,52.5149429564063,7.5935869424884,-0.0136085398467642,-1.62821534072653,-0.961293065541877,0.000674073605979961,-0.11855569764143,-0.0780517590965601,-4.26140085516558e-05,-0.0710940409842991,-2.22199202656952
45510,16.9728673489638,52.516539063798,8.05248607087378,-0.0296057405461951,-1.66324523313538,-1.11159477684658,0.000671618860645935,-0.123097630933268,-0.049319323367838,6.88142396131908e-05,-0.0851226880445051,-2.5337078429701
45513,16.9817065485574,52.5166901881815,7.7370018143688,-0.0209964012698727,-1.64531375425542,-1.01294701928224,0.00066781758598192,-0.119908590930853,-0.0640896970017764,-8.83111829359795e-06,-0.0751873263353389,-2.324511298468
45514,16.9846529667311,52.5167404163358,7.62399872118613,-0.0184005317546792,-1.63756078186908,-0.980798954017061,0.000667940705104585,-0.118750861935741,-0.068880487602577,-3.35366221308891e-05,-0.0714341259869391,-2.25111013045421
45558,16.9757311008696,52.5183869616435,7.99120626141348,-0.0317275307540399,-1.66541126618333,-1.10662670332089,0.00066318171963364,-0.122390412493695,-0.0462552011000579,5.39370529055033e-05,-0.0823332395927237,-2.49747937391589
45613,17.005115246548,52.520684923446,7.05136323507145,-0.010146040308797,-1.59472457575539,-0.858080653941808,0.000652542998593091,-0.112888196488331,-0.0850191704026955,-0.000152005497588939,-0.0509040571185961,-1.88396614183046
45825,16.9751523815231,52.5309690905869,8.16516260656476,-0.0698617789234461,-1.74574010226267,-1.25722121911676,0.000636425686274551,-0.123868650098691,-0.00303022193694424,0.000113830737230564,-0.0761658047347478,-2.62555461805084
45856,16.9721221997467,52.532716057546,8.25086005108301,-0.0812840899954814,-1.78508137277285,-1.2964320938797,0.000642485193412722,-0.12486554306072,0.00393435355277916,0.000141211020489168,-0.07538087390716,-2.67267289562233
45857,16.9750696731024,52.5327665348753,8.18400134482749,-0.0754437268992731,-1.76161472782335,-1.27404043651171,0.0006345229331997,-0.124072657095187,0.00141930823094505,0.000120281701119038,-0.0746858174551299,-2.63606937083432
45887,16.9720393620069,52.5345134983102,8.26569148299222,-0.0872107393604971,-1.80545321071876,-1.30919712298606,0.000641693451520764,-0.125069876670656,0.00764491493272246,0.00014617578615117,-0.0735270691504066,-2.67823924962192
45888,16.9749869548475,52.5345639790448,8.20206471761753,-0.0810290207093054,-1.77851300323362,-1.28980920657841,0.000632987429473965,-0.124280107822848,0.00550045770948415,0.000126244205671408,-0.0731304702813675,-2.64522543654471
45903,17.0192018888498,52.5353123850557,7.11313281238176,-0.0298272330240579,-1.66707102313563,-0.940978730520357,0.000593006870114347,-0.113999082324884,-0.0512038274010287,-0.000157185935720325,-0.0473038179760459,-1.92622660725829
45974,16.9688428508795,52.5398552521654,8.35395993627253,-0.112648886434112,-1.91861962196727,-1.34062493247016,0.000654186328072244,-0.126556566764238,0.0171658845578335,0.000173232809256976,-0.0665480797866325,-2.70279647340362
45976,16.9747387486535,52.5399563064577,8.24631128462852,-0.0980800804253477,-1.84096138846402,-1.32224868614782,0.000631589752565803,-0.124923674458579,0.0152482245004109,0.000139671002447717,-0.0675153599102778,-2.65995488278395
46090,16.9920984751106,52.5474475472234,7.94233902062683,-0.0844630917745199,-1.76909518158622,-1.25655997414966,0.000584339392511268,-0.121507501722556,0.0167251196905802,5.05245939597665e-05,-0.0594816288927413,-2.49340926124523
46105,16.9625307298413,52.5487410390965,8.48122643767579,-0.153362997290195,-2.11273935766881,-1.3904627231878,0.000681598890484084,-0.128934331615115,0.0277760642559137,0.000211461059377402,-0.0558200806005535,-2.72120342534208
46130,16.9624474522369,52.5505384639262,8.48754851366903,-0.157676762049789,-2.13076646835799,-1.39920074874386,0.000681505660320571,-0.129033530350137,0.0293799550144414,0.000212374840979357,-0.0542533690217044,-2.71970340196106
46155,16.9623641655493,52.5523358879419,8.49201844473737,-0.16188403017081,-2.14936136647235,-1.40589911335565,0.000681708702499437,-0.129127793693845,0.0307925733556775,0.000212775311201396,-0.0526254005245042,-2.71678392697925
46297,16.8391304515853,52.2272331058063,3.72139660185121,0.177314779317371,-1.70178853825507,-0.467005414058292,0.00044102846868297,-0.0953673015487606,-0.0349939179528675,0.0006180918239014,0.409946199150021,0.0148440474181371
46303,16.8343182706695,52.228724808083,3.75788617363128,0.164419999841414,-1.57984807248937,-0.432043280084258,0.000417670880036428,-0.0965806300294574,-0.0754748193119497,0.000598907483409253,0.432036097977594,0.0665736184016623
46307,16.8464984998412,52.2290859685414,3.65224802367516,0.187948898430385,-1.80813489676798,-0.477783807661581,0.00046439342165816,-0.0941009415629175,-0.00317945640513528,0.000641033438228598,0.384283165097386,0.00047385599395966
46308,16.8486003856257,52.2288475828465,3.62926374525591,0.19251723062699,-1.84923584829608,-0.486312267193853,0.000472616014809038,-0.0936655341763206,0.00993408449830113,0.000647795054633082,0.376189526954349,-0.00867354930892361
46309,16.8513381489343,52.2285682581384,3.58704243887109,0.19968541903124,-1.90613148336497,-0.494371090322204,0.000485138293015188,-0.0932129704400104,0.0284127601514932,0.000660042039595937,0.367298785565566,-0.0133822524371681
46310,16.8542325580473,52.2285305641235,3.55469187047879,0.205082322574114,-1.95317929007334,-0.502093554198979,0.000494615824138966,-0.09270177410915,0.0429782975038435,0.000668514571796938,0.357522132085236,-0.0189503794074426
46319,16.8279552315357,52.2302995648776,3.83210202051077,0.142596116040352,-1.38634795348298,-0.38773081855075,0.000375959392818759,-0.098257679387153,-0.141394040141073,0.000561527089289388,0.463285580746664,0.139251705482138
46320,16.8308184565463,52.2300331819338,3.80939528659883,0.150025893251893,-1.45803706586702,-0.404957274820958,0.000390937627939254,-0.0975554850576881,-0.117458977662764,0.000574967790686831,0.450106726206961,0.109288728287311
46321,16.8336204972295,52.2298434040615,3.75960919975296,0.160577716889421,-1.54455183184885,-0.416901299664488,0.000411756607026387,-0.0969057791544241,-0.0880472702749557,0.000594574113485513,0.4375791011459,0.0891462558336116
46322,16.8365395564813,52.2298915003295,3.74675356280886,0.165433251887968,-1.59794714419633,-0.431395631381264,0.000421770357659751,-0.0962706347554896,-0.0711184982961584,0.000603726270754459,0.425447629946937,0.0649223484363119
46325,16.8453713697259,52.2301131921108,3.67042299381751,0.182916263686209,-1.76747059349299,-0.465890345803871,0.000456491734363809,-0.0944241346217236,-0.0172295052394844,0.000635180825815866,0.38954723737038,0.0137683467146417
46326,16.8482481041122,52.2301056144737,3.63301019618916,0.189573817953416,-1.82488433580529,-0.474736657429133,0.000469006848937241,-0.0938738240945138,0.00119399665150155,0.000647079520472001,0.378712091300976,0.0048528711988638
46327,16.8511752644471,52.2301589616917,3.59346063760199,0.196119220153975,-1.87984782525312,-0.482248181103671,0.000481074926506377,-0.0933593162543982,0.0186965515758324,0.000659011801314127,0.368386220352427,-0.000697225286558023
46339,16.8305976863179,52.2315813786651,3.81114349701784,0.145080848351014,-1.41632001860503,-0.386378417670755,0.000383626828479575,-0.097878834226762,-0.133095509441247,0.000569620340734767,0.455523398809063,0.137267321741092
46340,16.8335249094551,52.2316351645173,3.76751518793844,0.15461104980114,-1.4978256949797,-0.398086787439752,0.000402975352056297,-0.097218966028322,-0.10568017454812,0.000587977185088961,0.442565654125204,0.11617443291334
46342,16.8393793829688,52.2317425186768,3.70537510621784,0.169364295884776,-1.63243981683993,-0.423106239485179,0.00043253878985372,-0.0959680438198927,-0.0613685385540137,0.000616633928890886,0.417715440782885,0.0752193856731083
46343,16.8423066330992,52.2317960868718,3.69020097810971,0.174177821711567,-1.6845304070838,-0.436696520582302,0.000442226941075076,-0.0953300346750812,-0.0450312906209405,0.000625628479177756,0.405145948454567,0.0535848590639034
46344,16.8452338930793,52.231849582593,3.66558268223707,0.179834690843244,-1.73970168765257,-0.448403965051796,0.000453321696680706,-0.0947071782858213,-0.0275380685314701,0.000635939153190102,0.392811829068897,0.0366370418239512
46357,16.8305100262778,52.2333787486185,3.80019963307632,0.141136489672412,-1.37928097384219,-0.363518893082073,0.000378834916963704,-0.0982226415316489,-0.147366304491875,0.000566627132272263,0.461139876881774,0.171930229370446
46361,16.8422194451394,52.2335934704123,3.67931210121037,0.1712806804914,-1.65630133199849,-0.416585066375518,0.00043961091132555,-0.0956473295830733,-0.0556966647040085,0.000626181422834188,0.409087662428647,0.0816660784807937
46362,16.8451468233994,52.2336469695972,3.65661262354138,0.176966337923531,-1.71244046526493,-0.429194436992731,0.000450798791094394,-0.0950161892488381,-0.0377968566073861,0.000637263610572189,0.396263946867471,0.0625722929662516
46363,16.8480742103587,52.2337003961347,3.62741820692008,0.183105898905303,-1.76941725217351,-0.440357300744495,0.000462622381178959,-0.094405508931624,-0.0195747850630248,0.000649042768490232,0.383799497038346,0.0476044004510641
46375,16.8333498160839,52.2352299106641,3.77430211392652,0.142966549408833,-1.40345378791301,-0.355442470832571,0.000386423504170449,-0.0979173582415651,-0.141787942694869,0.000575571584801385,0.453533340160853,0.178680965623244
46376,16.8362772845869,52.2352836306695,3.75812887331267,0.149052535837306,-1.46650951777315,-0.370824960366633,0.000399078579528235,-0.0972521444101702,-0.121179441839224,0.000588294150912841,0.439846488388696,0.150133927073284
46377,16.8392047618132,52.2353372784122,3.69867482200607,0.160817834068133,-1.55944358911225,-0.382341666251591,0.000422260907024262,-0.0966066505887504,-0.089246877001564,0.000610883176136862,0.426360516884777,0.132309781075719
46378,16.8421322486321,52.2353908536366,3.68975286937552,0.16533456837967,-1.61161336356565,-0.397504099540015,0.000431525088956192,-0.0959466124184765,-0.0728055206472007,0.00062080546882079,0.412673352654487,0.105855303088447
46379,16.8450597443302,52.2354443560773,3.64380070577636,0.174407336791276,-1.68615192718383,-0.408756110947252,0.000449007509910393,-0.0953516778718058,-0.0477732299806526,0.000638814030830673,0.399989438248099,0.0909589148529903
46391,16.8361898426999,52.2370810061563,3.76135617988052,0.143072037505902,-1.4180928753612,-0.347898605393453,0.000390821950179976,-0.0976295667317455,-0.139931077124139,0.000582284094213195,0.445308171712945,0.182980928338111
46392,16.8391174373563,52.2371346574894,3.70853973696762,0.154334837211678,-1.50983694815216,-0.361117625706271,0.000413187963573133,-0.0969566384886242,-0.108430615582463,0.00060412254907527,0.431010489534358,0.161033257229292
46393,16.8420450425038,52.237188235786,3.68145608224245,0.16161758437817,-1.57777399942907,-0.375482630812911,0.000427718235884486,-0.0963027256393509,-0.0859061889454793,0.000619460936568061,0.416970597482248,0.136754498457776
46394,16.8449726561667,52.2372417417892,3.65293521018111,0.168708861679818,-1.64314008046193,-0.3890518011751,0.000441663246236658,-0.0956572824007811,-0.0643564512381261,0.00063439663790979,0.403069534034913,0.1151674167495
46395,16.847900279579,52.2372951752986,3.61783756399518,0.176277627422877,-1.7093104459254,-0.401399002931043,0.000456227884267871,-0.0950398533525867,-0.0424873042459133,0.000650149442811873,0.389653498152079,0.0978475816807531
46411,16.8478133007536,52.2390925638456,3.61700959981772,0.172017518502287,-1.67385811835867,-0.38049022556703,0.000451757373391905,-0.0953840963469599,-0.0562281457700244,0.000648885622693149,0.392583233997854,0.124412602019447
46440,16.835927460632,52.2424731282436,3.70053559069947,0.134397309162395,-1.32281453362026,-0.272020715178641,0.000384954352133465,-0.0987794896909175,-0.178399850557447,0.000575138271322592,0.461775038611016,0.300064332226157
46444,16.8476393143143,52.2426873391389,3.63735573589133,0.159762475470636,-1.58036099525312,-0.334833640633349,0.000436467114919917,-0.0961447692385473,-0.0930241555090134,0.000640100669588667,0.398103083707539,0.178927681912
46445,16.8505673012846,52.2427407101908,3.61060368728067,0.166944808008061,-1.6460079856429,-0.349195821511373,0.000450470119710403,-0.0954682810572738,-0.0711466458021235,0.00065774700937965,0.382013364388825,0.154770517807492
46446,16.8534952968485,52.2427940086898,3.55676478059718,0.177500475058942,-1.72723850954313,-0.362740737498029,0.000470158331262731,-0.0948843321712989,-0.0431080872511558,0.000680837880313673,0.368057502122369,0.139807851803425
46447,16.8564233016506,52.2428472348519,3.51783939732263,0.18569045175753,-1.79361047793566,-0.375416728198104,0.000485195644289928,-0.0943103273289658,-0.0208484831994191,0.000700877515434073,0.354606413637157,0.124283265617578
46448,16.8593513159258,52.2429003881059,3.47744088910849,0.193942104645984,-1.85760953487808,-0.387417046626325,0.000499807903822376,-0.0937999956486966,0.000573897350619745,0.000721717659977833,0.343092271247706,0.111646409683772
46458,16.8358399813017,52.2442705012341,3.70306584844661,0.128011300467769,-1.26993978976355,-0.246225658390969,0.00037657925917263,-0.099204808791777,-0.199648453861904,0.000567679388283324,0.467712663121212,0.337982292232709
46459,16.8387680492767,52.2443241663475,3.68779507735667,0.13458018750903,-1.33736672210915,-0.261811496553207,0.000390260374041478,-0.0985841464342769,-0.177088972901842,0.000583768143126911,0.451908452991219,0.305920220506096
46461,16.844624212724,52.2444312782499,3.66900561293232,0.146115449505913,-1.46140159837771,-0.293597427103748,0.00041401062405514,-0.0972837165201472,-0.136162090610298,0.00061655707549392,0.418411604182431,0.239584592203528
46463,16.850480412883,52.244538100059,3.61593652418605,0.161573052502732,-1.60241706946134,-0.324585991693212,0.000444497971022619,-0.0959153702047804,-0.0884981218888328,0.000655481388678256,0.384181804519834,0.184095939347799
46465,16.8563366496797,52.2446446316693,3.52558024129758,0.180890342962115,-1.75536957929367,-0.353298609149817,0.000480582533944805,-0.0947030309754737,-0.0358928068739246,0.000701558639176231,0.354727668592439,0.147081623706981
46466,16.859264781284,52.2446977885438,3.48360226657951,0.189809939416136,-1.82378255893255,-0.366481563493068,0.000496498874061758,-0.0941817461446917,-0.012647604647789,0.000724706556466267,0.342811368007652,0.132126177302098
46479,16.8386806787212,52.2461215416789,3.69074615173258,0.128205300966755,-1.28420171694751,-0.23487649725682,0.000382138231008508,-0.0990418253546466,-0.198647632599091,0.000576432869086513,0.457336939095725,0.34432260056451
46480,16.8416088749214,52.246175137539,3.67525443532577,0.135059403511612,-1.35338702513724,-0.250840428705217,0.000396275240341123,-0.0984155317620665,-0.175367732019772,0.000594000586500026,0.440261697728531,0.310981581400938
46481,16.8445370784973,52.2462286608317,3.67709517444086,0.139333880760205,-1.40684078593023,-0.266017141045751,0.000405334583952609,-0.0977766824525279,-0.158153791339835,0.000609940902600067,0.422377874683662,0.27550717944473
46482,16.8474652930421,52.2462821114587,3.66333074595423,0.145820905935132,-1.47205483599983,-0.281800120254772,0.000418478865510524,-0.0970951905789565,-0.13633675290729,0.000628654267515225,0.403921284040379,0.242328490162436
46483,16.8503935150664,52.2463354894602,3.63570071788604,0.154009605173208,-1.54531334239402,-0.297714232714696,0.000434615051598218,-0.0963994382045428,-0.111318753456437,0.000650026320152222,0.385704976595484,0.212957765682404
46504,16.8415216135637,52.2479725158349,3.66056353039608,0.131554989545556,-1.31670216176818,-0.224350938022567,0.000393874841382626,-0.0988844846638628,-0.190699631602435,0.000588855914900765,0.444781627302049,0.35107153326976
46505,16.8444499360352,52.2480260425767,3.65022831268561,0.137763008461398,-1.38154970853458,-0.240036092832383,0.000406634461164408,-0.098263666656333,-0.168959344541946,0.000607832954287041,0.426372537513139,0.316545303247494
46507,16.8503066087686,52.248132878158,3.64382872828196,0.147975902803651,-1.49507143632222,-0.269646000680297,0.000427585248229077,-0.0969471539923479,-0.13165491275096,0.000646420074821824,0.387340863774412,0.246221289233972
46527,16.8385059117141,52.2497162910292,3.69453323570474,0.115773731965284,-1.17967070989206,-0.179801626059742,0.000367173725378603,-0.10001170420359,-0.242106482540542,0.000563892944544508,0.467576214924485,0.423782715722609
46530,16.8472912335344,52.2498768812647,3.64379170500911,0.138106053576074,-1.3945956801399,-0.226981433324966,0.000412591215233883,-0.0981760917452803,-0.168449773639047,0.000621937191104732,0.409402525488552,0.319324920474173
46531,16.8502196930542,52.2499302662727,3.63839565591456,0.143861394453872,-1.45461699320397,-0.241761663585379,0.000424221499888487,-0.09753199209249,-0.148370005816531,0.000644054743219769,0.388638358413225,0.283079444524901
46557,16.8501327683059,52.2517276535874,3.63761566133144,0.139159173432091,-1.40952863971488,-0.21301283672905,0.000419857902616429,-0.0981517231913767,-0.167101121137492,0.000639804588429105,0.388570281859984,0.32029787519923
46599,16.852887714207,52.2553757491943,3.61521854445459,0.139866524619762,-1.39963585159006,-0.173806866618818,0.00043081913739796,-0.0989315434707088,-0.176458022044926,0.000658211029235189,0.358046769420554,0.355996330849848
46616,16.8498719386139,52.2571198119096,3.66197603372302,0.123269915937662,-1.25352528661064,-0.122691502209889,0.000402811147390485,-0.100309271819608,-0.232784034968041,0.00062287587159271,0.371584837433488,0.43039823473373
46617,16.8528008797329,52.2571731378542,3.62697821365282,0.135010441762276,-1.34806140964744,-0.144266056148496,0.00042583013181615,-0.0997356624024608,-0.198071845883618,0.00065197177715165,0.346614448079364,0.389913163180381
46633,16.8497849775346,52.2589171967756,3.68862466939277,0.116243173119898,-1.18759681761151,-0.0898918740940928,0.000393486923869021,-0.101189807677301,-0.260804789879465,0.000620163111593713,0.353789299650273,0.465299478018096
46634,16.8527140361017,52.258970526366,3.61240942773884,0.134448277832114,-1.32292261596869,-0.123222416772862,0.000429179227688876,-0.100531321033669,-0.209432210322788,0.000641275202672043,0.32984880193861,0.425292769037014
46635,16.8556431053676,52.2590237832566,3.5286658687653,0.153509090981821,-1.46457892924738,-0.161947588747012,0.000466510329338234,-0.0999155709214428,-0.155363751531695,0.000664050959647056,0.310882760362446,0.387077991179694
46650,16.8498685665643,52.2606561445261,3.67618395620525,0.115991039780859,-1.16641264437492,-0.0704735198764013,0.000397372005470693,-0.101938324947984,-0.271422830972242,0.000615545672764228,0.328120391468445,0.497318355746756
46694,16.8507468287473,52.2688327797838,3.45958925273567,0.150499051411792,-1.2989382005873,-0.105916611725029,0.000488160872698765,-0.105186299147968,-0.225209046329816,0.000422559859858729,0.175272442319525,0.599749479732964
46695,16.8516661858355,52.2689152093604,3.4614839286603,0.153154211400967,-1.318146200895,-0.111813897281323,0.000493105530153033,-0.105224103593338,-0.217702797946025,0.000424420789384539,0.162662083376475,0.585516199932272
48362,16.6100209142462,52.2471087355563,6.88894156463255,-0.232237087111191,-2.38672992917151,-0.382579131922072,0.000859664372234302,-0.111479056020926,-0.166687536300156,6.27925418074451e-05,0.227761461037258,-1.17760661180824
48363,16.6129487096991,52.2471680030687,6.87904528766546,-0.228254872800256,-2.37598407401424,-0.36189161805617,0.000850538618693887,-0.111964409315657,-0.174260614683391,7.89614860591051e-05,0.23814778304784,-1.15808580341206
48436,16.6128522059313,52.2489650960882,6.90247865120489,-0.235804474041752,-2.37724668763202,-0.385393748494215,0.000864122434082147,-0.111674059975161,-0.169184759130422,3.60962010222329e-05,0.225840425925367,-1.17681679635496
50121,16.7735436176007,52.2944924859597,3.57589651947137,0.115635147136288,-2.65990986363011,-0.0191966993241408,0.00107362889846615,-0.104418783594612,0.225074062429073,-0.000382917148427309,0.351672852621038,-0.0189937262687181
50264,16.7646200472655,52.2978790118583,4.03555230697896,0.0571474639370919,-2.73699155321293,0.0150383424388565,0.00113141223664178,-0.106747407306112,0.261821252666863,-0.00073127136551196,0.287730322972205,-0.298661132381085
51190,16.6018545773103,52.3440910433135,6.79483243179368,-0.137588418036874,-0.923635228534367,-1.32465320601843,0.000708704259155092,-0.109734629079719,0.134075148142518,8.41552745944329e-05,-0.0230233049766024,-2.06409170870063
51201,16.601757286123,52.3458880925835,6.7970476632679,-0.131917810088861,-0.915901993148321,-1.31854411895428,0.000695677084806036,-0.110025879553828,0.138824942278427,8.65730274034471e-05,-0.0199999798698247,-2.07959614621228
51210,16.5987255769015,52.3476255132048,6.79939064448899,-0.123380648120353,-0.913438941326204,-1.30525625348521,0.000678732037896127,-0.110171703919961,0.145673886007139,0.000106014923185044,-0.0126965672124721,-2.10374525866143
51235,17.0579530436537,52.3940522246609,3.64373276152469,0.0856516716822213,0.0738172607044874,-0.216445506848871,0.000676951394735295,-0.0821212398319293,-0.162778336656654,-0.000361677889116847,0.204249113283832,-0.185444284998425
51236,17.0602576465821,52.3940102475453,3.63780600875384,0.0825930683879115,0.0685513086005187,-0.218412084199684,0.000676968567177749,-0.0813013145347394,-0.159742971034387,-0.000360205771683782,0.184336763442039,-0.188787407440145
51238,17.0685576922788,52.3946544062737,3.66117062353794,0.07067841663563,0.0545386928691585,-0.225678179161232,0.000672362605887031,-0.0797077001679938,-0.155762558689702,-0.000356453506029218,0.122218909854345,-0.206749959814715
51239,17.0730996892788,52.3947880351749,3.6663769948558,0.0651034254176999,0.0477394710430872,-0.229118713162368,0.000670083122682318,-0.0786680932347501,-0.152218119681109,-0.000353445671684417,0.0942130844531963,-0.217085939526328
51240,17.07552553504,52.3945802210288,3.66592607862401,0.0626880415304925,0.043647531326485,-0.230147412095803,0.000669392977314026,-0.0778975977633873,-0.149201711179217,-0.000350187149367985,0.0806314261878178,-0.225659779143598
51244,17.049685873514,52.395633542922,3.76066398750459,0.0923770188645534,0.0949655730958057,-0.211593188298895,0.000670045732630624,-0.0880689708037838,-0.187400584225115,-0.000375191140155828,0.26377613476121,-0.182809572279211
51245,17.0519334696466,52.3955449914734,3.73497967282947,0.0898295453768831,0.0903455755655216,-0.213608889943586,0.000670890514206095,-0.0866947623629351,-0.182675423748489,-0.000372828879947905,0.247746359730524,-0.180437729021037
51246,17.0548719373658,52.3955933939293,3.71988175925185,0.0859848450584551,0.0841686334574945,-0.216290944016922,0.000671042492643693,-0.0854167987636298,-0.178564401423911,-0.000370572984448522,0.224422243830968,-0.181509945939979
51247,17.0578104127957,52.3956417229752,3.71015374692092,0.0821252240669779,0.0780271596737236,-0.218908464026093,0.000670933009453041,-0.084305463120149,-0.174791800601536,-0.000368517261265765,0.200727724135689,-0.184504901780087
51248,17.0606152862133,52.3957359923942,3.70947185537898,0.0784372258838246,0.0725405371458123,-0.221137534828028,0.000670220355342414,-0.0834496197905104,-0.172113413721561,-0.000366298449926653,0.179378900989058,-0.190216863835758
51249,17.0640100781309,52.3963480563969,3.7238639767977,0.073103626588086,0.0676882177938012,-0.224875748105468,0.000667520401308949,-0.083017271631741,-0.171917606323854,-0.000366089997016303,0.154246679501723,-0.19518172735809
51250,17.0667136218977,52.3958545294902,3.7120958849714,0.0708863261114985,0.0617151701744945,-0.225454559846284,0.000668131009592017,-0.0817106492844335,-0.166395873359914,-0.000360827916465023,0.137351602865003,-0.205574583596672
51251,17.0695321497438,52.3958927170505,3.70693884514048,0.0674995966590082,0.0570621339486479,-0.227867394818606,0.000667347114691214,-0.0808793776518009,-0.163120986444948,-0.000359282843189854,0.118672233627613,-0.209555449516529
51252,17.0725037437663,52.395882821707,3.70838137689395,0.0641797172712302,0.052562317506414,-0.229710813645127,0.000666098090986708,-0.0800812190794407,-0.160240833608924,-0.000356403890022026,0.101488731330194,-0.217734627946697
51253,17.0754407178644,52.3959305695341,3.72426817120356,0.0609622805086367,0.0492144140247319,-0.230694439828451,0.000663772125936192,-0.0795210866474889,-0.159053994568545,-0.000352026797288463,0.0875933620719884,-0.231706466529886
51254,17.0787340563695,52.3962992536278,3.74861384712574,0.0570037610908969,0.0468374782961121,-0.232432915521184,0.000660108495386121,-0.0792247460696114,-0.159339714553859,-0.000348666224934104,0.0737516281645014,-0.245231547095614
51255,17.0813185617045,52.3960257569792,3.74780429171619,0.0546417579761815,0.043059974499613,-0.233304672629906,0.000659185331077838,-0.078416784784638,-0.156010375746824,-0.00034496402944155,0.0612713468318198,-0.254778933107218
51256,17.0841217026174,52.3961539742184,3.76080107218286,0.0516042752968922,0.0405591421911424,-0.23471512681709,0.000656604826676621,-0.0780218897339493,-0.155032136297791,-0.000342220556197946,0.0501680532569537,-0.264874247162652
51259,17.0489583958387,52.3973204396465,3.8683632618629,0.0890116367828995,0.0976441380857125,-0.212483267840497,0.000662673037895675,-0.091231738886087,-0.204387923804751,-0.000381583239688219,0.261581439327887,-0.194201158999476
51260,17.051854283351,52.397342561043,3.82436922116221,0.0855415497038479,0.0927813000554352,-0.21605169220642,0.000663821780107252,-0.0893220648897213,-0.197623622073243,-0.000379927271776256,0.240886654930001,-0.18507825725726
51261,17.0547928702475,52.3973909663477,3.80482226160484,0.0820167361012913,0.087368642311759,-0.218654922905355,0.000663984395745588,-0.0879218969849518,-0.192948475457487,-0.000377188436412559,0.220060425742244,-0.185665334250643
51262,17.0577314649411,52.3974392985647,3.78521592156108,0.078397097178339,0.0818599268739035,-0.221598501543482,0.000664195573417202,-0.0866188404884323,-0.18808778523768,-0.000375385860657121,0.197817114824957,-0.18554916928656
51263,17.0606700683352,52.3974875580675,3.77207062886464,0.0748540010123406,0.0764609789348185,-0.22426158072831,0.000664039447862419,-0.0854769749980893,-0.18378560209125,-0.000373360451572755,0.176542027377641,-0.187943735053182
51264,17.0636086799207,52.3975357447518,3.76718148413102,0.0714429314867573,0.071374408194913,-0.226420447308929,0.000663367622745409,-0.0844983372637227,-0.180286918380835,-0.000370631576555869,0.157188090348525,-0.193837738201864
51265,17.0665472999665,52.3975838577618,3.7655750285262,0.0681196170629192,0.0666301080504752,-0.228392480079613,0.000662412322584911,-0.0836065725156168,-0.177131264174228,-0.000367728398011781,0.139153046733169,-0.200971234089707
51266,17.069485927959,52.3976318980983,3.77265055321641,0.0649261890832022,0.0624941524458222,-0.229759553079219,0.000660841446746704,-0.0828591763215609,-0.174888701476249,-0.000363835548264406,0.12337717738804,-0.211936827183422
51267,17.0724245645442,52.39767986522,3.77943422470321,0.0617816054377087,0.0587631310512791,-0.231169897928822,0.000659170212816619,-0.082141570854974,-0.172663067803896,-0.000360133285427867,0.108391978883986,-0.222527477681751
51268,17.0753632092222,52.397727759554,3.77957626633224,0.0586634577974827,0.0549145898517907,-0.233086208603378,0.000657841059978077,-0.0813855864177206,-0.169791116620182,-0.000357566631875819,0.0932793003203969,-0.229684201106693
51269,17.0783020533281,52.3977757923217,3.78354730775709,0.0556172004248161,0.0513498086583581,-0.234754100367969,0.00065618640133483,-0.0807164170235453,-0.167351815851017,-0.000354712669099075,0.0795350966469179,-0.238280120870513
51270,17.0812405235078,52.3978233290458,3.79956185975789,0.0526406767243266,0.0488015308913532,-0.235575293705672,0.000653572623909048,-0.0802151847719497,-0.166214377564483,-0.000350331492764533,0.0681734777601406,-0.252272131994459
51271,17.0841791929541,52.3978710043897,3.8072152555203,0.0496832799948876,0.0455689672345727,-0.237035858181649,0.000651389957698485,-0.0796724343812905,-0.164247329846919,-0.000347502999068147,0.0564783551037529,-0.261766226019176
51275,17.0488363911405,52.399091648055,3.96493558215684,0.0849760639366934,0.0990853891616723,-0.214428496411454,0.000655466024044545,-0.0938938739896464,-0.22002120836553,-0.00038773806698493,0.255670417801309,-0.202767857534013
51276,17.0517750888784,52.3991401299853,3.93137068000237,0.0818453428411701,0.0948936674918457,-0.217069355760689,0.000655879774381106,-0.0920920457098369,-0.214176006325039,-0.000384160601697936,0.238831315238857,-0.199460121288098
51277,17.0547137946513,52.399188538086,3.89946845509144,0.0785188401013457,0.09021835826033,-0.220139189883145,0.000656463178798444,-0.09044987595761,-0.208166867945552,-0.000381827332017137,0.219035958743393,-0.195959880935561
51278,17.0576525089919,52.3992368740468,3.86884250266735,0.075103084039295,0.0852346809779192,-0.223495576630281,0.000657101813362822,-0.0889353746751294,-0.202078664875583,-0.000380409988309294,0.197793294069706,-0.192260764885987
51279,17.0605912315204,52.3992851362357,3.85066429129301,0.0718028135117024,0.0803389965942358,-0.226185246400192,0.000657100090697499,-0.0876809844973447,-0.197166051444768,-0.000378199286531211,0.178136423557481,-0.193576768885123
51280,17.0635299624676,52.3993333255613,3.8303435525022,0.0685133374370217,0.0753777619455036,-0.229159363675848,0.000657192975692715,-0.0864630078881454,-0.191995733065557,-0.000376760073110174,0.158337514642522,-0.193441076860267
51281,17.0664687017725,52.3993814419622,3.82579040754331,0.0654145733827249,0.0709604441132399,-0.231069404032514,0.000656357960633722,-0.0855087373049486,-0.188457150908102,-0.000373651961690272,0.14163274520498,-0.200117704025729
51282,17.0694074487718,52.3994294854303,3.84997791448291,0.0625423801410463,0.0680870023194871,-0.230964304861068,0.000653702111211046,-0.0849594288416533,-0.187945904337056,-0.000366969529762978,0.129940335320047,-0.219714232814567
51283,17.0723462050706,52.3994774560093,3.84564141121359,0.0595135134086959,0.0642138629870317,-0.232956436592278,0.000652721452648108,-0.0840817574958965,-0.184478491195913,-0.000364285125244071,0.114456332572438,-0.225937184299482
51284,17.0752849689578,52.399525353146,3.84281317417458,0.0565393549361524,0.0604364551558092,-0.234886782051319,0.000651608111446537,-0.0832684581488259,-0.181197237933553,-0.000361692583408249,0.099864842048607,-0.232457084931752
51285,17.0782237410879,52.3995731776892,3.84987769213274,0.0536395576536037,0.0574032569202245,-0.236146519886052,0.000649739553485712,-0.0826155038235186,-0.179007961983558,-0.000358004967112711,0.0873437481146944,-0.243160153624103
51286,17.0811625217269,52.3996209287351,3.86089016259166,0.050770908685287,0.0547646759627298,-0.237164453676264,0.000647435340155045,-0.0820499325854787,-0.17728970638661,-0.000354054114997226,0.0760124693712001,-0.255255842683823
51287,17.0839957417042,52.3996329909562,3.86920999903521,0.0480552880229084,0.0519560965985875,-0.238242857434386,0.000645228306811282,-0.0815023341335586,-0.175346997254046,-0.000350680802364937,0.0654361670376389,-0.265814312722796
51294,17.0516958860367,52.4009376981503,4.05297547008763,0.078552396997523,0.0973442852306334,-0.216945820130906,0.000647090368495827,-0.0950174197170615,-0.232229261112891,-0.000386284002971582,0.240010612644075,-0.22120417342876
51295,17.0546347106419,52.4009861096357,4.01737615907382,0.0754959443708927,0.0934867681924061,-0.219874244264616,0.000647673333085179,-0.0932567828946453,-0.225775011354545,-0.000383325524547479,0.222515896094104,-0.217477790007138
51296,17.0575735449437,52.4010344481889,3.99514053852045,0.072437931425398,0.0895692415335816,-0.22227396823401,0.000647658648951777,-0.0918089999178413,-0.220507369393816,-0.000379960360841938,0.205178829519046,-0.218767367120222
51297,17.0605123860896,52.4010827136309,3.95427088204724,0.0691788851462363,0.0846901656814225,-0.22621252846125,0.000648852218543279,-0.0901652810532276,-0.213107955621534,-0.000379540897097713,0.184098775873579,-0.211387568296232
51298,17.0634512367299,52.4011309061686,3.93446844894333,0.0661120962738124,0.080365613427432,-0.228847487926256,0.000648820230311827,-0.0889084482755873,-0.207901243060913,-0.000377277353341268,0.166195347937915,-0.212613136486311
51299,17.0663900948468,52.4011790257413,3.94697812254071,0.06328803713998,0.0776814253872828,-0.229316563420273,0.000646727146198865,-0.088157882677633,-0.206171178391847,-0.000371413536399884,0.153531513532137,-0.22767523055461
51300,17.0693289620063,52.4012270722439,3.94422031574777,0.0603749130351794,0.074478276238267,-0.230928506962432,0.000645573170166128,-0.0872295348742664,-0.202798993990323,-0.000367702083636526,0.138829398180452,-0.235739844752857
51301,17.0722678366878,52.4012750455626,3.94086876548818,0.0574839108903689,0.0713219366288058,-0.232647296909079,0.000644441861128484,-0.0863345239449824,-0.199374553076472,-0.000364356061655621,0.124453183604206,-0.243199673445815
51302,17.0752067203256,52.4013229462103,3.93770220999886,0.0546244655206962,0.0681684645243195,-0.234408651797054,0.000643274250673301,-0.0854850801519405,-0.195991305834657,-0.000361287760038256,0.110586471711628,-0.250353157594645
51303,17.0781456116086,52.4013707733864,3.93488403032552,0.0518019772905376,0.0649378835240384,-0.236192722629006,0.000642040598377074,-0.084685757730437,-0.19267233624031,-0.000358505287319448,0.0973395077196955,-0.257223800410429
51304,17.0810845115765,52.4014185279607,3.92974750956137,0.0490081524575281,0.0611424148348476,-0.238193630497602,0.000640881940263412,-0.0839131862850913,-0.189116897977144,-0.000356488553272243,0.0844460204274426,-0.262462648403584
51319,17.0721894601628,52.4030726350277,4.01999785906719,0.0554602828546287,0.077193663697841,-0.233430813106374,0.000637360971778675,-0.0883333093591077,-0.212552193998734,-0.000366454629209048,0.131693383914172,-0.253612798954805
51320,17.0751284636026,52.4031205387498,4.02262836578757,0.0527454238533061,0.0752157943089458,-0.234616410568815,0.000635670795634154,-0.0875428257450963,-0.209783734561915,-0.000362195631538942,0.119501296394201,-0.263927009822964
51321,17.0780674737338,52.4031683690683,4.01070733306392,0.0500155518800192,0.0715220622236643,-0.236860509260381,0.000635069431075073,-0.0866029198760572,-0.205362070192409,-0.000360220871783959,0.105686900842596,-0.26743603422949
51322,17.0810064934899,52.4032161267912,3.99671613487408,0.0473174144597373,0.0670405150929412,-0.239313399018485,0.000634555075807099,-0.0856983495481298,-0.200715056422816,-0.000359065690554619,0.0922161439475104,-0.26935967701354
51333,17.0632937593607,52.4047260659746,4.16388907647297,0.0616236451888454,0.0926279137384824,-0.226677863897127,0.000630200751727143,-0.0940325702665508,-0.242526599643632,-0.000375854813002244,0.184277025057302,-0.259975681925425
51335,17.0691719624571,52.4048222442568,4.13680999625444,0.05623960961195,0.0879743122669936,-0.230490289569882,0.000628922517943664,-0.091718891637532,-0.233250467226279,-0.000368535484218821,0.156122609106735,-0.270095901720538
51336,17.0721110760161,52.40487022384,4.09890631997973,0.0534958226996096,0.0828821279182534,-0.234164835450269,0.000630310392741563,-0.0902709915629831,-0.225731987698039,-0.000368425047233792,0.138546319865526,-0.26439429327877
51337,17.0750501980223,52.4049181304775,4.09530462231942,0.0508913920322343,0.0808977727209026,-0.235614490446249,0.000629032053955397,-0.0893819427650246,-0.222211262684391,-0.00036456955917416,0.126286361848862,-0.272573630911097
51338,17.0779893281661,52.4049659639857,4.07313023692927,0.0482651135063037,0.0763499435111896,-0.238392782293278,0.000629190775671924,-0.0882852080942804,-0.216515929217557,-0.000363581834735019,0.111777119740516,-0.272277214441715
51339,17.0809284666668,52.4050137245225,4.06187548108846,0.0456899951994707,0.0725310113153625,-0.240499661106956,0.00062840070959972,-0.0873994964492724,-0.212109779274916,-0.000361706412376581,0.0993387426301133,-0.276002833021835
51340,17.0837284388385,52.4051260009173,4.06440358669374,0.0432136253104929,0.0701776898552282,-0.241856961647162,0.00062645043215126,-0.0868052071717713,-0.209621486826755,-0.000358919943537928,0.0897096877592318,-0.284041854256998
51343,17.048519051853,52.4062819049185,4.47222925647475,0.0718895069571559,0.107860999322071,-0.21291600581041,0.000619318157327894,-0.105796572737301,-0.295339827510304,-0.000395693448889803,0.255290539344345,-0.296898534714842
51348,17.0632150088831,52.4065236445723,4.26276023531318,0.0593875428358501,0.0982266782424119,-0.226557393927084,0.000621733464037572,-0.0962938783666853,-0.258293126449947,-0.000376824972204273,0.190606072795603,-0.277152522988104
51349,17.0661542260228,52.4065717733801,4.23228221119302,0.056770423867178,0.0952245937700695,-0.229340855803493,0.000622262223219386,-0.0948225477873166,-0.251641596801204,-0.000374350545239752,0.175283547856729,-0.276230024748088
51350,17.0690934499243,52.4066198290248,4.2161888072792,0.0542170006483467,0.0932812285121827,-0.231299967352623,0.000621816692653251,-0.0936341941887981,-0.246643123808649,-0.00037072166107488,0.161821585592183,-0.280706196031474
51351,17.0720326837045,52.4066678116677,4.17945259618773,0.0516286872050493,0.0887396086542651,-0.234711237259283,0.000623092668313986,-0.0921754458485715,-0.239160869586401,-0.00036996767186076,0.145362946691321,-0.276329262915624
51359,17.0484432693379,52.4080806030529,4.59144310361899,0.0690568582578024,0.111054373456597,-0.212340528276496,0.000610097522058421,-0.108485601112942,-0.313896385784048,-0.00039729877148828,0.255788321559423,-0.318394120220887
51360,17.0513789903727,52.4081279644713,4.4962999802276,0.0667152217937073,0.108784102662128,-0.217335578480871,0.000613049766039035,-0.105345849738605,-0.300970923424702,-0.000395185309418844,0.243831268977228,-0.29620606054857
51361,17.0543182924757,52.4081763885697,4.43268214219597,0.0643494068592574,0.106614451526781,-0.220987639464877,0.00061462249963095,-0.102966081750097,-0.291144765025759,-0.000392193978281052,0.231090308335753,-0.285053452088732
51362,17.0572576037539,52.4082247395759,4.37316271256827,0.061875752680848,0.103408187767144,-0.224813853440061,0.000616342649205473,-0.100780150754947,-0.281439649975168,-0.000390181778246942,0.216171111886364,-0.274718666569129
51363,17.0601969222687,52.4082730174215,4.34501035813355,0.0595000289370304,0.101838602248137,-0.226920212767027,0.000616297654026529,-0.0992343694905085,-0.27520217203168,-0.000385949154792106,0.203789610429862,-0.276071961683556
51365,17.06607558541,52.4083693546914,4.31230813002071,0.0547350298354843,0.0999724793005896,-0.230150498257412,0.000615079159018088,-0.0966972025138375,-0.265226586283763,-0.000376568081719389,0.179941717059204,-0.287047691033649
51366,17.0690149302137,52.4084174133926,4.28947210734555,0.0523060074150905,0.0979976741732571,-0.232390939546136,0.000615132542437398,-0.0953886708509479,-0.259372226962524,-0.00037326575220524,0.166486521609688,-0.289439895211672
51368,17.0748936432847,52.4085133121033,4.21360113446576,0.0474473972543628,0.0886428171781404,-0.239158954894215,0.000617837304469245,-0.0924700077241489,-0.243902902983049,-0.000371893928970621,0.135180247541648,-0.280409084900498
51369,17.0778330117262,52.4085611517275,4.1891521372952,0.0450811510542977,0.0844130304691646,-0.241793708272432,0.000618092965130157,-0.0913200206367772,-0.237775651763368,-0.000370563934073559,0.121819242805252,-0.280287975485635
51372,17.0866511679269,52.4087042326846,4.16535746268141,0.0381521998348227,0.0752056298272521,-0.246781271555335,0.000614559924125589,-0.0888917153485291,-0.225414202861984,-0.000363118975018062,0.0908103778141758,-0.297160886804249
51374,17.0919341562231,52.4093283784959,4.19207383552884,0.0339356313850239,0.0740872728746638,-0.248663071886448,0.000608303646359332,-0.0883062633057801,-0.223949071167169,-0.000357273495345631,0.0793432006557033,-0.318322636843959
51384,17.0718758725705,52.4102629860309,4.30960772716253,0.0481980648685187,0.0970999648434088,-0.237531759579742,0.000610950956955091,-0.0953278805436444,-0.26247417441726,-0.000375783019214371,0.154016564969794,-0.289274062423146
51385,17.0748153531941,52.4103109018492,4.26197187042999,0.0459527503881993,0.0908182471889063,-0.241483359403123,0.000613086364616773,-0.0937452213860031,-0.253385489548302,-0.000376350649230819,0.137847215245326,-0.281195827183751
51386,17.0777548407772,52.4103587447163,4.24900138559201,0.0437510239486834,0.0883759622488469,-0.243233609756704,0.000612454589647655,-0.0927620536067639,-0.248549403803644,-0.000373302816589177,0.126768072882573,-0.286380424974141
51387,17.0806943380183,52.4104065148359,4.21666010602894,0.0416126716443692,0.0821530045933514,-0.246364912607021,0.000613334995329472,-0.0915483363858272,-0.24127157485453,-0.000373382491416913,0.113324957937273,-0.283076586507491
51388,17.0836338418043,52.410454211422,4.2138664263648,0.0394441894774786,0.0800182340013578,-0.247574783251203,0.000611796407621858,-0.0908116771741785,-0.237684672525372,-0.000370008480690229,0.104227892815519,-0.291338776302041
51389,17.0865733557096,52.4105018352701,4.21572326863338,0.0372956040077881,0.0784615248955163,-0.248514665967246,0.000609767718521351,-0.090171740276519,-0.234694321386556,-0.000366323261332582,0.0961142504568713,-0.301189471487987
51390,17.0895128759417,52.410549385523,4.22159799571,0.0351983783609704,0.0775527057191994,-0.249208762886354,0.000607191108766544,-0.0896067673000402,-0.232213116421345,-0.000362314836202776,0.088983519229533,-0.312557910156102
51391,17.0921563828243,52.4106467930179,4.22856727638487,0.0333721011095349,0.0768641958439105,-0.249881229284508,0.000604476774062696,-0.0891482748001629,-0.230270324245296,-0.000358906270349277,0.0831835339765483,-0.322989539456444
51400,17.0747370542278,52.4121084910955,4.32301963744794,0.0448316890958651,0.093869106607599,-0.242876211363416,0.000607509454122107,-0.0951386085337287,-0.264176813056482,-0.00037888582278621,0.142252916905491,-0.288606036139072
51401,17.0776766627653,52.412156337056,4.30443664356198,0.0427790447498069,0.0908630673370681,-0.244897810993944,0.000607364646941853,-0.0940653598419221,-0.258523953124957,-0.000376295485682895,0.130995706264667,-0.2921301279506
51402,17.0806162778485,52.4122041096768,4.2664224636942,0.0408345189157835,0.0836622991958791,-0.248308752536449,0.000608760105635736,-0.0927555096511039,-0.250335904654829,-0.000376882128314729,0.117345973231807,-0.287337644827062
51403,17.0835559025909,52.4122518097543,4.27023044917041,0.0387508258808964,0.0831909795687693,-0.248965907241306,0.000606699221917549,-0.0921107560308929,-0.247542954867939,-0.000372340255679587,0.109634284640244,-0.298728342401432
51404,17.0864955343284,52.4122994363022,4.27072137419282,0.0367400212019504,0.0819714173867965,-0.249879644858773,0.000604719120992754,-0.0914408159681805,-0.244323795622767,-0.000368542452882967,0.10188195850219,-0.308575697361107
51405,17.0894351750841,52.4123469905046,4.2712848856238,0.0348261907825567,0.0806425015253183,-0.250800518992072,0.000602457796067234,-0.0907871837185823,-0.241106271605318,-0.000364947689940137,0.0946341877348544,-0.318378023207629
51406,17.0923613923175,52.412401058751,4.27167229294855,0.033026605522771,0.0791440535234642,-0.251753000393386,0.000599945305337253,-0.0901491752641199,-0.237882928744916,-0.000361615144354135,0.0878673874702436,-0.327965708640136
51416,17.0775984755908,52.4139539287795,4.3568992014857,0.0421441637345765,0.0921533637111907,-0.246673676551104,0.00060269977521217,-0.0952572523927344,-0.267897825045031,-0.000379339019636826,0.134745458745353,-0.298031795536758
51417,17.0805382101763,52.4140017047459,4.32871203535751,0.0402926934810566,0.0868523735788358,-0.249329288067486,0.000603348647514088,-0.0940854628426759,-0.26083740985116,-0.00037836168193725,0.122939240952618,-0.297805893780492
51418,17.083477954315,52.4140494078826,4.32458952884735,0.0383588604286302,0.0855431116160048,-0.250414466216377,0.00060189615146157,-0.0933177880915199,-0.256966952035221,-0.00037462287617529,0.114702689689885,-0.306516983078041
51419,17.0864177050634,52.4140970375624,4.33426345480143,0.0363861784074508,0.0869466071892191,-0.250609565537456,0.000599052725705464,-0.0927706011830303,-0.254933018830029,-0.00036920776462103,0.108630767967732,-0.32050661466053
51420,17.0893574659618,52.4141445943473,4.32720319516193,0.0346707580608907,0.0847575431976964,-0.251912995652216,0.00059729207670077,-0.0919892264913447,-0.250654832518737,-0.000366306472042638,0.100930655111632,-0.32791887611188
51428,17.077520279612,52.4157515200972,4.41373323403536,0.0417735780648059,0.0937494822536564,-0.248052810872643,0.000597825967224221,-0.0964618159540507,-0.277704233925186,-0.000381489779229277,0.139058634677973,-0.306697689248836
51429,17.0804601348336,52.4157992989053,4.4020710993284,0.0399088345457237,0.092114709719965,-0.249517454095457,0.000597125504235962,-0.0955386866036783,-0.272777371495689,-0.000378054004878656,0.129942057107911,-0.313326926439345
51430,17.0833999970798,52.4158470047837,4.40300074741094,0.0380026364822896,0.0927399510417217,-0.250183296369197,0.000595183724062989,-0.0948359095460365,-0.269556179070349,-0.000373277579797326,0.122806915497982,-0.324484384983975
51431,17.0863398689119,52.4158946378272,4.38880985945934,0.0363576058529489,0.0899416027339726,-0.251845021316289,0.000594196411751388,-0.0939147828402866,-0.264253114441351,-0.000370769842609864,0.114220214246373,-0.329867759406739
51434,17.0939427516625,52.4159388476181,4.33943093539256,0.0328788957073201,0.0781117344850202,-0.25673425296123,0.000591308953878524,-0.0914335806913762,-0.248685400750599,-0.000367128000820602,0.0928797271811455,-0.338677472413224
51439,17.0774420760026,52.4175491103502,4.4679198886995,0.0416741188775163,0.0945837759289532,-0.249486555004381,0.000593292895445054,-0.0975755427728515,-0.287065353122035,-0.000383635818741401,0.143029587814397,-0.315279328408792
51440,17.0803820504955,52.4175968923987,4.45925769221367,0.0398663443486598,0.0941635781946673,-0.250672602158037,0.000592326260332017,-0.0966972249241174,-0.282492552948028,-0.000379561874650325,0.134817049933218,-0.323463847360813
51441,17.0833220323309,52.4176446014473,4.45250362541219,0.0381326374400395,0.0938665947854531,-0.251751517301742,0.000590933502407631,-0.0958657294906065,-0.278161705681955,-0.000375501896771019,0.127237949760108,-0.332256151779461
51442,17.0862620236196,52.4176922375841,4.43923185276981,0.0366035265659477,0.0919281009659301,-0.253246338217892,0.000589745430122898,-0.0949442453870262,-0.272917478058668,-0.00037251444934995,0.119297174290068,-0.338602707639097
51445,17.0937320250827,52.4173699305291,4.36382870054967,0.0336202880790637,0.076894428023877,-0.258621616139017,0.000588889981965934,-0.0920321721259842,-0.253419961317913,-0.000370425767832097,0.0963008358826656,-0.34021484870334
51450,17.0773638646923,52.4193467001551,4.53893566057445,0.041629566236935,0.0988829692584545,-0.249659904758502,0.000587437335241019,-0.098926325607291,-0.298787867974957,-0.00038325408974707,0.149297260859207,-0.330583873103819
51451,17.08030395752,52.4193944856167,4.52970996054933,0.0398691461347802,0.0991438120147166,-0.250826098255477,0.000586493799315101,-0.0980300907412168,-0.294064747418517,-0.000378948434678561,0.141453705243173,-0.339069952638624
51461,17.0772856442818,52.4211442893594,4.61020012558288,0.0417067523023817,0.103667551948035,-0.249659298464945,0.000581630096671927,-0.100254951980196,-0.310653608521458,-0.000382410574765471,0.155669681510588,-0.346291423101889
51462,17.0802258572889,52.4211920776328,4.5918806339987,0.0400955798435589,0.102568442796468,-0.251391384403487,0.000581428105267727,-0.09919618930779,-0.304508229844905,-0.000379005537462535,0.147066655795889,-0.352157838629864
51464,17.0861063073874,52.4212874348209,4.54125634511115,0.0376000129785972,0.096094179313468,-0.255647235773626,0.000580977158090558,-0.0968919992254271,-0.290244718697139,-0.000374699572606926,0.129582010389193,-0.358744454039311
51472,17.0801477487862,52.4229896691874,4.65847637030561,0.0403408386004998,0.107557409565828,-0.251494196845652,0.000576056963386654,-0.100413061104064,-0.315717344902905,-0.000378002485466294,0.153330386942692,-0.367023664636804
51473,17.0830880883504,52.4230373872468,4.64686353752654,0.0387976167913919,0.108507670244819,-0.252752788468054,0.000574925225552671,-0.0994660558319236,-0.310426769759629,-0.000373611827234124,0.146341598281261,-0.375766901436918
